date,variable,stream,value,sd,se,
2017-01-01,Discharge,QPA,0.205270833,,,
2017-01-02,Discharge,QPA,0.207177083,,,
2017-01-03,Discharge,QPA,0.22225,,,
2017-01-04,Discharge,QPA,0.206604167,,,
2017-01-05,Discharge,QPA,0.197041667,,,
2017-01-06,Discharge,QPA,0.195125,,,
2017-01-07,Discharge,QPA,0.19478125,,,
2017-01-08,Discharge,QPA,0.192114583,,,
2017-01-09,Discharge,QPA,0.1916875,,,
2017-01-10,Discharge,QPA,0.193489583,,,
2017-01-11,Discharge,QPA,0.228239583,,,
2017-01-12,Discharge,QPA,0.19809375,,,
2017-01-13,Discharge,QPA,0.1930625,,,
2017-01-14,Discharge,QPA,0.1890625,,,
2017-01-15,Discharge,QPA,0.188802083,,,
2017-01-16,Discharge,QPA,0.199541667,,,
2017-01-17,Discharge,QPA,0.251229167,,,
2017-01-18,Discharge,QPA,0.25825,,,
2017-01-19,Discharge,QPA,0.201604167,,,
2017-01-20,Discharge,QPA,0.194197917,,,
2017-01-21,Discharge,QPA,0.1918125,,,
2017-01-22,Discharge,QPA,0.189302083,,,
2017-01-23,Discharge,QPA,0.18740625,,,
2017-01-24,Discharge,QPA,0.185447917,,,
2017-01-25,Discharge,QPA,0.183416667,,,
2017-01-26,Discharge,QPA,0.181427083,,,
2017-01-27,Discharge,QPA,0.179083333,,,
2017-01-28,Discharge,QPA,0.17809375,,,
2017-01-29,Discharge,QPA,0.17796875,,,
2017-01-30,Discharge,QPA,0.177625,,,
2017-01-31,Discharge,QPA,0.17575,,,
2017-02-01,Discharge,QPA,0.178489583,,,
2017-02-02,Discharge,QPA,0.184135417,,,
2017-02-03,Discharge,QPA,0.18446875,,,
2017-02-04,Discharge,QPA,0.187208333,,,
2017-02-05,Discharge,QPA,0.19371875,,,
2017-02-06,Discharge,QPA,0.201864583,,,
2017-02-07,Discharge,QPA,0.206416667,,,
2017-02-08,Discharge,QPA,0.17871875,,,
2017-02-09,Discharge,QPA,0.172677083,,,
2017-02-10,Discharge,QPA,0.170340909,,,
2017-02-11,Discharge,QPA,NA,,,
2017-02-12,Discharge,QPA,NA,,,
2017-02-13,Discharge,QPA,NA,,,
2017-02-14,Discharge,QPA,NA,,,
2017-02-15,Discharge,QPA,NA,,,
2017-02-16,Discharge,QPA,NA,,,
2017-02-17,Discharge,QPA,NA,,,
2017-02-18,Discharge,QPA,NA,,,
2017-02-19,Discharge,QPA,NA,,,
2017-02-20,Discharge,QPA,NA,,,
2017-02-21,Discharge,QPA,NA,,,
2017-02-22,Discharge,QPA,NA,,,
2017-02-23,Discharge,QPA,NA,,,
2017-02-24,Discharge,QPA,NA,,,
2017-02-25,Discharge,QPA,NA,,,
2017-02-26,Discharge,QPA,NA,,,
2017-02-27,Discharge,QPA,NA,,,
2017-02-28,Discharge,QPA,NA,,,
2017-03-01,Discharge,QPA,NA,,,
2017-03-02,Discharge,QPA,NA,,,
2017-03-03,Discharge,QPA,NA,,,
2017-03-04,Discharge,QPA,NA,,,
2017-03-05,Discharge,QPA,NA,,,
2017-03-06,Discharge,QPA,NA,,,
2017-03-07,Discharge,QPA,NA,,,
2017-03-08,Discharge,QPA,NA,,,
2017-03-09,Discharge,QPA,NA,,,
2017-03-10,Discharge,QPA,0.251921569,,,
2017-03-11,Discharge,QPA,0.22453125,,,
2017-03-12,Discharge,QPA,0.21003125,,,
2017-03-13,Discharge,QPA,0.20403125,,,
2017-03-14,Discharge,QPA,0.20153125,,,
2017-03-15,Discharge,QPA,0.200697917,,,
2017-03-16,Discharge,QPA,0.212645833,,,
2017-03-17,Discharge,QPA,0.21525,,,
2017-03-18,Discharge,QPA,0.219052083,,,
2017-03-19,Discharge,QPA,0.22096875,,,
2017-03-20,Discharge,QPA,0.2380625,,,
2017-03-21,Discharge,QPA,0.225520833,,,
2017-03-22,Discharge,QPA,0.227083333,,,
2017-03-23,Discharge,QPA,0.2929375,,,
2017-03-24,Discharge,QPA,0.242020833,,,
2017-03-25,Discharge,QPA,0.221708333,,,
2017-03-26,Discharge,QPA,0.210104167,,,
2017-03-27,Discharge,QPA,0.204864583,,,
2017-03-28,Discharge,QPA,0.244885417,,,
2017-03-29,Discharge,QPA,0.247302083,,,
2017-03-30,Discharge,QPA,0.225291667,,,
2017-03-31,Discharge,QPA,0.214302083,,,
2017-04-01,Discharge,QPA,0.210291667,,,
2017-04-02,Discharge,QPA,0.208135417,,,
2017-04-03,Discharge,QPA,0.27971875,,,
2017-04-04,Discharge,QPA,0.224479167,,,
2017-04-05,Discharge,QPA,0.213927083,,,
2017-04-06,Discharge,QPA,0.210864583,,,
2017-04-07,Discharge,QPA,0.207395833,,,
2017-04-08,Discharge,QPA,0.205,,,
2017-04-09,Discharge,QPA,0.203125,,,
2017-04-10,Discharge,QPA,0.203125,,,
2017-04-11,Discharge,QPA,0.202260417,,,
2017-04-12,Discharge,QPA,0.19975,,,
2017-04-13,Discharge,QPA,0.2411875,,,
2017-04-14,Discharge,QPA,0.2234375,,,
2017-04-15,Discharge,QPA,0.211208333,,,
2017-04-16,Discharge,QPA,0.277145833,,,
2017-04-17,Discharge,QPA,0.36878125,,,
2017-04-18,Discharge,QPA,0.311666667,,,
2017-04-19,Discharge,QPA,0.266895833,,,
2017-04-20,Discharge,QPA,0.244645833,,,
2017-04-21,Discharge,QPA,0.236770833,,,
2017-04-22,Discharge,QPA,0.231,,,
2017-04-23,Discharge,QPA,0.23075,,,
2017-04-24,Discharge,QPA,0.264854167,,,
2017-04-25,Discharge,QPA,0.228520833,,,
2017-04-26,Discharge,QPA,0.224385417,,,
2017-04-27,Discharge,QPA,0.219791667,,,
2017-04-28,Discharge,QPA,0.22175,,,
2017-04-29,Discharge,QPA,0.3015,,,
2017-04-30,Discharge,QPA,0.334791667,,,
2017-05-01,Discharge,QPA,0.372260417,,,
2017-05-02,Discharge,QPA,0.278395833,,,
2017-05-03,Discharge,QPA,0.255302083,,,
2017-05-04,Discharge,QPA,0.24646875,,,
2017-05-05,Discharge,QPA,0.222557895,,,
2017-05-06,Discharge,QPA,0.217958333,,,
2017-05-07,Discharge,QPA,0.2141875,,,
2017-05-08,Discharge,QPA,0.19609375,,,
2017-05-09,Discharge,QPA,0.1930625,,,
2017-05-10,Discharge,QPA,0.185447917,,,
2017-05-11,Discharge,QPA,0.180916667,,,
2017-05-12,Discharge,QPA,0.178875,,,
2017-05-13,Discharge,QPA,0.1756875,,,
2017-05-14,Discharge,QPA,0.1761875,,,
2017-05-15,Discharge,QPA,0.178427083,,,
2017-05-16,Discharge,QPA,0.174416667,,,
2017-05-17,Discharge,QPA,0.173072917,,,
2017-05-18,Discharge,QPA,0.172520833,,,
2017-05-19,Discharge,QPA,0.170010417,,,
2017-05-20,Discharge,QPA,0.169520833,,,
2017-05-21,Discharge,QPA,0.170791667,,,
2017-05-22,Discharge,QPA,0.169,,,
2017-05-23,Discharge,QPA,0.16165625,,,
2017-05-24,Discharge,QPA,0.157895833,,,
2017-05-25,Discharge,QPA,0.1585,,,
2017-05-26,Discharge,QPA,0.161875,,,
2017-05-27,Discharge,QPA,0.16121875,,,
2017-05-28,Discharge,QPA,0.16353125,,,
2017-05-29,Discharge,QPA,0.21140625,,,
2017-05-30,Discharge,QPA,0.209833333,,,
2017-05-31,Discharge,QPA,0.247645833,,,
2017-06-01,Discharge,QPA,0.201677083,,,
2017-06-02,Discharge,QPA,0.204979167,,,
2017-06-03,Discharge,QPA,0.185739583,,,
2017-06-04,Discharge,QPA,0.1780625,,,
2017-06-05,Discharge,QPA,0.176010417,,,
2017-06-06,Discharge,QPA,0.173666667,,,
2017-06-07,Discharge,QPA,0.1730625,,,
2017-06-08,Discharge,QPA,0.210645833,,,
2017-06-09,Discharge,QPA,0.20371875,,,
2017-06-10,Discharge,QPA,0.184645833,,,
2017-06-11,Discharge,QPA,0.1816875,,,
2017-06-12,Discharge,QPA,0.176510417,,,
2017-06-13,Discharge,QPA,0.169854167,,,
2017-06-14,Discharge,QPA,0.172416667,,,
2017-06-15,Discharge,QPA,0.170302083,,,
2017-06-16,Discharge,QPA,0.165229167,,,
2017-06-17,Discharge,QPA,0.171260417,,,
2017-06-18,Discharge,QPA,0.176614583,,,
2017-06-19,Discharge,QPA,0.304052083,,,
2017-06-20,Discharge,QPA,0.257583333,,,
2017-06-21,Discharge,QPA,0.238458333,,,
2017-06-22,Discharge,QPA,0.21028125,,,
2017-06-23,Discharge,QPA,0.201791667,,,
2017-06-24,Discharge,QPA,0.206635417,,,
2017-06-25,Discharge,QPA,0.197677083,,,
2017-06-26,Discharge,QPA,0.21965625,,,
2017-06-27,Discharge,QPA,0.193333333,,,
2017-06-28,Discharge,QPA,0.206635417,,,
2017-06-29,Discharge,QPA,0.214333333,,,
2017-06-30,Discharge,QPA,0.203489583,,,
2017-07-01,Discharge,QPA,0.1929375,,,
2017-07-02,Discharge,QPA,0.184666667,,,
2017-07-03,Discharge,QPA,0.180947917,,,
2017-07-04,Discharge,QPA,0.205052083,,,
2017-07-05,Discharge,QPA,0.26215625,,,
2017-07-06,Discharge,QPA,0.202427083,,,
2017-07-07,Discharge,QPA,0.249302083,,,
2017-07-08,Discharge,QPA,0.256854167,,,
2017-07-09,Discharge,QPA,0.327583333,,,
2017-07-10,Discharge,QPA,0.228489583,,,
2017-07-11,Discharge,QPA,0.215760417,,,
2017-07-12,Discharge,QPA,0.213354167,,,
2017-07-13,Discharge,QPA,0.298927083,,,
2017-07-14,Discharge,QPA,0.25984375,,,
2017-07-15,Discharge,QPA,0.220791667,,,
2017-07-16,Discharge,QPA,0.211260417,,,
2017-07-17,Discharge,QPA,0.21103125,,,
2017-07-18,Discharge,QPA,0.21596875,,,
2017-07-19,Discharge,QPA,0.208333333,,,
2017-07-20,Discharge,QPA,0.202125,,,
2017-07-21,Discharge,QPA,0.215333333,,,
2017-07-22,Discharge,QPA,0.220020833,,,
2017-07-23,Discharge,QPA,0.218833333,,,
2017-07-24,Discharge,QPA,0.20884375,,,
2017-07-25,Discharge,QPA,0.212947917,,,
2017-07-26,Discharge,QPA,0.224375,,,
2017-07-27,Discharge,QPA,0.205447917,,,
2017-07-28,Discharge,QPA,0.198958333,,,
2017-07-29,Discharge,QPA,0.194645833,,,
2017-07-30,Discharge,QPA,0.194125,,,
2017-07-31,Discharge,QPA,0.22559375,,,
2017-08-01,Discharge,QPA,0.208104167,,,
2017-08-02,Discharge,QPA,0.21846875,,,
2017-08-03,Discharge,QPA,0.21221875,,,
2017-08-04,Discharge,QPA,0.2483125,,,
2017-08-05,Discharge,QPA,0.232666667,,,
2017-08-06,Discharge,QPA,0.242677083,,,
2017-08-07,Discharge,QPA,0.262666667,,,
2017-08-08,Discharge,QPA,0.236104167,,,
2017-08-09,Discharge,QPA,0.24171875,,,
2017-08-10,Discharge,QPA,0.235572917,,,
2017-08-11,Discharge,QPA,0.213447917,,,
2017-08-12,Discharge,QPA,0.203291667,,,
2017-08-13,Discharge,QPA,0.200802083,,,
2017-08-14,Discharge,QPA,0.226854167,,,
2017-08-15,Discharge,QPA,0.28809375,,,
2017-08-16,Discharge,QPA,0.2255625,,,
2017-08-17,Discharge,QPA,0.372791667,,,
2017-08-18,Discharge,QPA,0.26315625,,,
2017-08-19,Discharge,QPA,0.27821875,,,
2017-08-20,Discharge,QPA,0.332916667,,,
2017-08-21,Discharge,QPA,0.311302083,,,
2017-08-22,Discharge,QPA,0.27240625,,,
2017-08-23,Discharge,QPA,0.240614583,,,
2017-08-24,Discharge,QPA,0.240020833,,,
2017-08-25,Discharge,QPA,0.255604167,,,
2017-08-26,Discharge,QPA,0.23496875,,,
2017-08-27,Discharge,QPA,0.275666667,,,
2017-08-28,Discharge,QPA,0.262989583,,,
2017-08-29,Discharge,QPA,0.269822917,,,
2017-08-30,Discharge,QPA,0.258395833,,,
2017-08-31,Discharge,QPA,0.253395833,,,
2017-09-01,Discharge,QPA,0.25103125,,,
2017-09-02,Discharge,QPA,0.240979167,,,
2017-09-03,Discharge,QPA,0.247427083,,,
2017-09-04,Discharge,QPA,0.2246875,,,
2017-09-05,Discharge,QPA,0.225510417,,,
2017-09-06,Discharge,QPA,0.246895833,,,
2017-09-07,Discharge,QPA,0.333458333,,,
2017-09-08,Discharge,QPA,0.289604167,,,
2017-09-09,Discharge,QPA,0.244739583,,,
2017-09-10,Discharge,QPA,0.235770833,,,
2017-09-11,Discharge,QPA,0.27871875,,,
2017-09-12,Discharge,QPA,0.24590625,,,
2017-09-13,Discharge,QPA,0.228239583,,,
2017-09-14,Discharge,QPA,0.217708333,,,
2017-09-15,Discharge,QPA,0.215489583,,,
2017-09-16,Discharge,QPA,0.21353125,,,
2017-09-17,Discharge,QPA,0.210395833,,,
2017-09-18,Discharge,QPA,0.211822917,,,
2017-09-19,Discharge,QPA,0.232802083,,,
2017-09-20,Discharge,QPA,0.318544118,,,
2017-09-21,Discharge,QPA,0.31375,,,
2017-09-22,Discharge,QPA,0.293291667,,,
2017-09-23,Discharge,QPA,0.251802083,,,
2017-09-24,Discharge,QPA,0.237489583,,,
2017-09-25,Discharge,QPA,0.229677083,,,
2017-09-26,Discharge,QPA,0.224729167,,,
2017-09-27,Discharge,QPA,0.221572917,,,
2017-09-28,Discharge,QPA,0.22253125,,,
2017-09-29,Discharge,QPA,0.22240625,,,
2017-09-30,Discharge,QPA,0.237895833,,,
2017-10-01,Discharge,QPA,0.222635417,,,
2017-10-02,Discharge,QPA,0.211177083,,,
2017-10-03,Discharge,QPA,0.236802083,,,
2017-10-04,Discharge,QPA,0.225125,,,
2017-10-05,Discharge,QPA,0.226208333,,,
2017-10-06,Discharge,QPA,0.2223125,,,
2017-10-07,Discharge,QPA,0.216114583,,,
2017-10-08,Discharge,QPA,0.213197917,,,
2017-10-09,Discharge,QPA,0.240510417,,,
2017-10-10,Discharge,QPA,0.258375,,,
2017-10-11,Discharge,QPA,0.2413125,,,
2017-10-12,Discharge,QPA,0.220645833,,,
2017-10-13,Discharge,QPA,0.215729167,,,
2017-10-14,Discharge,QPA,0.2295625,,,
2017-10-15,Discharge,QPA,0.249729167,,,
2017-10-16,Discharge,QPA,0.309645833,,,
2017-10-17,Discharge,QPA,0.28559375,,,
2017-10-18,Discharge,QPA,0.259208333,,,
2017-10-19,Discharge,QPA,0.241135417,,,
2017-10-20,Discharge,QPA,0.234739583,,,
2017-10-21,Discharge,QPA,0.231239583,,,
2017-10-22,Discharge,QPA,0.227427083,,,
2017-10-23,Discharge,QPA,0.22403125,,,
2017-10-24,Discharge,QPA,0.220895833,,,
2017-10-25,Discharge,QPA,0.2189375,,,
2017-10-26,Discharge,QPA,0.216635417,,,
2017-10-27,Discharge,QPA,0.215645833,,,
2017-10-28,Discharge,QPA,0.215729167,,,
2017-10-29,Discharge,QPA,0.225333333,,,
2017-10-30,Discharge,QPA,0.213541667,,,
2017-10-31,Discharge,QPA,0.212416667,,,
2017-11-01,Discharge,QPA,0.21221875,,,
2017-11-02,Discharge,QPA,0.212,,,
2017-11-03,Discharge,QPA,0.206375,,,
2017-11-04,Discharge,QPA,0.2024375,,,
2017-11-05,Discharge,QPA,0.26934375,,,
2017-11-06,Discharge,QPA,0.21925,,,
2017-11-07,Discharge,QPA,0.216802083,,,
2017-11-08,Discharge,QPA,0.256041667,,,
2017-11-09,Discharge,QPA,0.26653125,,,
2017-11-10,Discharge,QPA,0.215072917,,,
2017-11-11,Discharge,QPA,0.224822917,,,
2017-11-12,Discharge,QPA,0.25659375,,,
2017-11-13,Discharge,QPA,0.224708333,,,
2017-11-14,Discharge,QPA,0.207666667,,,
2017-11-15,Discharge,QPA,0.245541667,,,
2017-11-16,Discharge,QPA,0.205979167,,,
2017-11-17,Discharge,QPA,0.197791667,,,
2017-11-18,Discharge,QPA,0.195041667,,,
2017-11-19,Discharge,QPA,0.190791667,,,
2017-11-20,Discharge,QPA,0.189229167,,,
2017-11-21,Discharge,QPA,0.183802083,,,
2017-11-22,Discharge,QPA,0.178552083,,,
2017-11-23,Discharge,QPA,0.175572917,,,
2017-11-24,Discharge,QPA,0.176958333,,,
2017-11-25,Discharge,QPA,0.192739583,,,
2017-11-26,Discharge,QPA,0.17796875,,,
2017-11-27,Discharge,QPA,0.179489583,,,
2017-11-28,Discharge,QPA,0.176864583,,,
2017-11-29,Discharge,QPA,0.1766875,,,
2017-11-30,Discharge,QPA,0.173708333,,,
2017-12-01,Discharge,QPA,0.172208333,,,
2017-12-02,Discharge,QPA,0.17034375,,,
2017-12-03,Discharge,QPA,0.170083333,,,
2017-12-04,Discharge,QPA,0.174447917,,,
2017-12-05,Discharge,QPA,0.24309375,,,
2017-12-06,Discharge,QPA,0.2750625,,,
2017-12-07,Discharge,QPA,0.252645833,,,
2017-12-08,Discharge,QPA,0.209583333,,,
2017-12-09,Discharge,QPA,0.1943125,,,
2017-12-10,Discharge,QPA,0.188010417,,,
2017-12-11,Discharge,QPA,0.197979167,,,
2017-12-12,Discharge,QPA,0.182489583,,,
2017-12-13,Discharge,QPA,0.1810625,,,
2017-12-14,Discharge,QPA,0.177614583,,,
2017-12-15,Discharge,QPA,0.175708333,,,
2017-12-16,Discharge,QPA,0.187729167,,,
2017-12-17,Discharge,QPA,0.213458333,,,
2017-12-18,Discharge,QPA,0.22871875,,,
2017-12-19,Discharge,QPA,0.232552083,,,
2017-12-20,Discharge,QPA,0.191791667,,,
2017-12-21,Discharge,QPA,0.205260417,,,
2017-12-22,Discharge,QPA,0.203145833,,,
2017-12-23,Discharge,QPA,0.192947917,,,
2017-12-24,Discharge,QPA,0.230104167,,,
2017-12-25,Discharge,QPA,0.212947917,,,
2017-12-26,Discharge,QPA,0.210135417,,,
2017-12-27,Discharge,QPA,0.22296875,,,
2017-12-28,Discharge,QPA,0.209729167,,,
2017-12-29,Discharge,QPA,0.192177083,,,
2017-12-30,Discharge,QPA,0.18521875,,,
2017-12-31,Discharge,QPA,0.181177083,,,
2018-01-01,Discharge,QPA,0.199072917,,,
2018-01-02,Discharge,QPA,0.186041667,,,
2018-01-03,Discharge,QPA,0.175729167,,,
2018-01-04,Discharge,QPA,0.171729167,,,
2018-01-05,Discharge,QPA,0.184510417,,,
2018-01-06,Discharge,QPA,0.18853125,,,
2018-01-07,Discharge,QPA,0.176739583,,,
2018-01-08,Discharge,QPA,0.1734375,,,
2018-01-09,Discharge,QPA,0.193822917,,,
2018-01-10,Discharge,QPA,0.182020833,,,
2018-01-11,Discharge,QPA,0.250583333,,,
2018-01-12,Discharge,QPA,0.2100625,,,
2018-01-13,Discharge,QPA,0.212166667,,,
2018-01-14,Discharge,QPA,0.246510417,,,
2018-01-15,Discharge,QPA,0.215927083,,,
2018-01-16,Discharge,QPA,0.229739583,,,
2018-01-17,Discharge,QPA,0.240645833,,,
2018-01-18,Discharge,QPA,0.206208333,,,
2018-01-19,Discharge,QPA,0.200135417,,,
2018-01-20,Discharge,QPA,0.1948125,,,
2018-01-21,Discharge,QPA,0.189885417,,,
2018-01-22,Discharge,QPA,0.191791667,,,
2018-01-23,Discharge,QPA,0.193635417,,,
2018-01-24,Discharge,QPA,0.196833333,,,
2018-01-25,Discharge,QPA,0.250572917,,,
2018-01-26,Discharge,QPA,0.229427083,,,
2018-01-27,Discharge,QPA,0.28475,,,
2018-01-28,Discharge,QPA,0.274875,,,
2018-01-29,Discharge,QPA,0.3043125,,,
2018-01-30,Discharge,QPA,0.238947917,,,
2018-01-31,Discharge,QPA,0.202052083,,,
2018-02-01,Discharge,QPA,0.191760417,,,
2018-02-02,Discharge,QPA,0.196145833,,,
2018-02-03,Discharge,QPA,0.202958333,,,
2018-02-04,Discharge,QPA,0.192010417,,,
2018-02-05,Discharge,QPA,0.18115625,,,
2018-02-06,Discharge,QPA,0.17640625,,,
2018-02-07,Discharge,QPA,0.173416667,,,
2018-02-08,Discharge,QPA,0.174729167,,,
2018-02-09,Discharge,QPA,0.184354167,,,
2018-02-10,Discharge,QPA,0.1868125,,,
2018-02-11,Discharge,QPA,0.189177083,,,
2018-02-12,Discharge,QPA,0.210083333,,,
2018-02-13,Discharge,QPA,0.21734375,,,
2018-02-14,Discharge,QPA,0.189302083,,,
2018-02-15,Discharge,QPA,0.184104167,,,
2018-02-16,Discharge,QPA,0.248708333,,,
2018-02-17,Discharge,QPA,0.23334375,,,
2018-02-18,Discharge,QPA,0.206114583,,,
2018-02-19,Discharge,QPA,0.192291667,,,
2018-02-20,Discharge,QPA,0.210260417,,,
2018-02-21,Discharge,QPA,0.24803125,,,
2018-02-22,Discharge,QPA,0.242666667,,,
2018-02-23,Discharge,QPA,0.222625,,,
2018-02-24,Discharge,QPA,0.239322917,,,
2018-02-25,Discharge,QPA,0.241447917,,,
2018-02-26,Discharge,QPA,0.263770833,,,
2018-02-27,Discharge,QPA,0.22028125,,,
2018-02-28,Discharge,QPA,0.2098125,,,
2018-03-01,Discharge,QPA,0.210166667,,,
2018-03-02,Discharge,QPA,0.201260417,,,
2018-03-03,Discharge,QPA,0.1983125,,,
2018-03-04,Discharge,QPA,0.19490625,,,
2018-03-05,Discharge,QPA,0.191708333,,,
2018-03-06,Discharge,QPA,0.188895833,,,
2018-03-07,Discharge,QPA,0.186447917,,,
2018-03-08,Discharge,QPA,0.183145833,,,
2018-03-09,Discharge,QPA,0.18134375,,,
2018-03-10,Discharge,QPA,0.181322917,,,
2018-03-11,Discharge,QPA,0.179791667,,,
2018-03-12,Discharge,QPA,0.177885417,,,
2018-03-13,Discharge,QPA,0.174010417,,,
2018-03-14,Discharge,QPA,0.1696875,,,
2018-03-15,Discharge,QPA,0.16765625,,,
2018-03-16,Discharge,QPA,0.165614583,,,
2018-03-17,Discharge,QPA,0.164322917,,,
2018-03-18,Discharge,QPA,0.16271875,,,
2018-03-19,Discharge,QPA,0.162604167,,,
2018-03-20,Discharge,QPA,0.16140625,,,
2018-03-21,Discharge,QPA,0.161458333,,,
2018-03-22,Discharge,QPA,0.16165625,,,
2018-03-23,Discharge,QPA,0.161708333,,,
2018-03-24,Discharge,QPA,0.191416667,,,
2018-03-25,Discharge,QPA,0.226770833,,,
2018-03-26,Discharge,QPA,0.167302083,,,
2018-03-27,Discharge,QPA,0.192833333,,,
2018-03-28,Discharge,QPA,0.1975,,,
2018-03-29,Discharge,QPA,0.167927083,,,
2018-03-30,Discharge,QPA,0.159697917,,,
2018-03-31,Discharge,QPA,0.156270833,,,
2018-04-01,Discharge,QPA,0.15615625,,,
2018-04-02,Discharge,QPA,0.15425,,,
2018-04-03,Discharge,QPA,0.152489583,,,
2018-04-04,Discharge,QPA,0.157395833,,,
2018-04-05,Discharge,QPA,0.152583333,,,
2018-04-06,Discharge,QPA,0.150114583,,,
2018-04-07,Discharge,QPA,0.146572917,,,
2018-04-08,Discharge,QPA,0.145010417,,,
2018-04-09,Discharge,QPA,0.14665625,,,
2018-04-10,Discharge,QPA,0.15340625,,,
2018-04-11,Discharge,QPA,0.191354167,,,
2018-04-12,Discharge,QPA,0.1519375,,,
2018-04-13,Discharge,QPA,0.147895833,,,
2018-04-14,Discharge,QPA,0.161697917,,,
2018-04-15,Discharge,QPA,0.193791667,,,
2018-04-16,Discharge,QPA,0.181552083,,,
2018-04-17,Discharge,QPA,0.20934375,,,
2018-04-18,Discharge,QPA,0.212635417,,,
2018-04-19,Discharge,QPA,0.227260417,,,
2018-04-20,Discharge,QPA,0.180114583,,,
2018-04-21,Discharge,QPA,0.23353125,,,
2018-04-22,Discharge,QPA,0.188270833,,,
2018-04-23,Discharge,QPA,0.187645833,,,
2018-04-24,Discharge,QPA,0.182916667,,,
2018-04-25,Discharge,QPA,0.171239583,,,
2018-04-26,Discharge,QPA,0.166770833,,,
2018-04-27,Discharge,QPA,0.163604167,,,
2018-04-28,Discharge,QPA,0.161979167,,,
2018-04-29,Discharge,QPA,0.161010417,,,
2018-04-30,Discharge,QPA,0.159510417,,,
2018-05-01,Discharge,QPA,0.168458333,,,
2018-05-02,Discharge,QPA,0.161510417,,,
2018-05-03,Discharge,QPA,0.21759375,,,
2018-05-04,Discharge,QPA,0.271260417,,,
2018-05-05,Discharge,QPA,0.278125,,,
2018-05-06,Discharge,QPA,0.244666667,,,
2018-05-07,Discharge,QPA,0.203885417,,,
2018-05-08,Discharge,QPA,0.20278125,,,
2018-05-09,Discharge,QPA,0.240479167,,,
2018-05-10,Discharge,QPA,0.192427083,,,
2018-05-11,Discharge,QPA,0.1815,,,
2018-05-12,Discharge,QPA,0.189625,,,
2018-05-13,Discharge,QPA,0.181385417,,,
2018-05-14,Discharge,QPA,0.21128125,,,
2018-05-15,Discharge,QPA,0.21678125,,,
2018-05-16,Discharge,QPA,0.180791667,,,
2018-05-17,Discharge,QPA,0.211510417,,,
2018-05-18,Discharge,QPA,0.235354167,,,
2018-05-19,Discharge,QPA,0.232166667,,,
2018-05-20,Discharge,QPA,0.2045,,,
2018-05-21,Discharge,QPA,0.206979167,,,
2018-05-22,Discharge,QPA,0.227302083,,,
2018-05-23,Discharge,QPA,0.210322917,,,
2018-05-24,Discharge,QPA,0.187083333,,,
2018-05-25,Discharge,QPA,0.195229167,,,
2018-05-26,Discharge,QPA,0.207604167,,,
2018-05-27,Discharge,QPA,0.1849375,,,
2018-05-28,Discharge,QPA,0.243979167,,,
2018-05-29,Discharge,QPA,0.192052083,,,
2018-05-30,Discharge,QPA,0.214385417,,,
2018-05-31,Discharge,QPA,0.18346875,,,
2018-06-01,Discharge,QPA,0.174572917,,,
2018-06-02,Discharge,QPA,0.172020833,,,
2018-06-03,Discharge,QPA,0.1691875,,,
2018-06-04,Discharge,QPA,0.167072917,,,
2018-06-05,Discharge,QPA,0.166541667,,,
2018-06-06,Discharge,QPA,0.166333333,,,
2018-06-07,Discharge,QPA,0.164645833,,,
2018-06-08,Discharge,QPA,0.164333333,,,
2018-06-09,Discharge,QPA,0.166770833,,,
2018-06-10,Discharge,QPA,0.188020833,,,
2018-06-11,Discharge,QPA,0.181208333,,,
2018-06-12,Discharge,QPA,0.199979167,,,
2018-06-13,Discharge,QPA,0.16771875,,,
2018-06-14,Discharge,QPA,0.1606875,,,
2018-06-15,Discharge,QPA,0.154739583,,,
2018-06-16,Discharge,QPA,0.1526875,,,
2018-06-17,Discharge,QPA,0.1505625,,,
2018-06-18,Discharge,QPA,0.15140625,,,
2018-06-19,Discharge,QPA,0.156864583,,,
2018-06-20,Discharge,QPA,0.15209375,,,
2018-06-21,Discharge,QPA,0.147947917,,,
2018-06-22,Discharge,QPA,0.15428125,,,
2018-06-23,Discharge,QPA,0.283489583,,,
2018-06-24,Discharge,QPA,0.242864583,,,
2018-06-25,Discharge,QPA,0.20128125,,,
2018-06-26,Discharge,QPA,0.179072917,,,
2018-06-27,Discharge,QPA,0.172333333,,,
2018-06-28,Discharge,QPA,0.176,,,
2018-06-29,Discharge,QPA,0.16790625,,,
2018-06-30,Discharge,QPA,0.164458333,,,
2018-07-01,Discharge,QPA,0.1620625,,,
2018-07-02,Discharge,QPA,0.160729167,,,
2018-07-03,Discharge,QPA,0.1565625,,,
2018-07-04,Discharge,QPA,0.156666667,,,
2018-07-05,Discharge,QPA,0.157083333,,,
2018-07-06,Discharge,QPA,0.154072917,,,
2018-07-07,Discharge,QPA,0.150979167,,,
2018-07-08,Discharge,QPA,0.155229167,,,
2018-07-09,Discharge,QPA,0.230041667,,,
2018-07-10,Discharge,QPA,0.210354167,,,
2018-07-11,Discharge,QPA,0.17078125,,,
2018-07-12,Discharge,QPA,0.16509375,,,
2018-07-13,Discharge,QPA,0.16021875,,,
2018-07-14,Discharge,QPA,0.158822917,,,
2018-07-15,Discharge,QPA,0.163197917,,,
2018-07-16,Discharge,QPA,0.19753125,,,
2018-07-17,Discharge,QPA,0.183208333,,,
2018-07-18,Discharge,QPA,0.167895833,,,
2018-07-19,Discharge,QPA,0.2068125,,,
2018-07-20,Discharge,QPA,0.177635417,,,
2018-07-21,Discharge,QPA,0.167125,,,
2018-07-22,Discharge,QPA,0.16278125,,,
2018-07-23,Discharge,QPA,0.16340625,,,
2018-07-24,Discharge,QPA,0.173375,,,
2018-07-25,Discharge,QPA,0.170697917,,,
2018-07-26,Discharge,QPA,0.19409375,,,
2018-07-27,Discharge,QPA,0.169989583,,,
2018-07-28,Discharge,QPA,0.164041667,,,
2018-07-29,Discharge,QPA,0.161510417,,,
2018-07-30,Discharge,QPA,0.160770833,,,
2018-07-31,Discharge,QPA,0.158083333,,,
2018-08-01,Discharge,QPA,0.165979167,,,
2018-08-02,Discharge,QPA,0.172010417,,,
2018-08-03,Discharge,QPA,0.156177083,,,
2018-08-04,Discharge,QPA,0.15575,,,
2018-08-05,Discharge,QPA,0.184760417,,,
2018-08-06,Discharge,QPA,0.216166667,,,
2018-08-07,Discharge,QPA,0.17315625,,,
2018-08-08,Discharge,QPA,0.166583333,,,
2018-08-09,Discharge,QPA,0.160875,,,
2018-08-10,Discharge,QPA,0.15921875,,,
2018-08-11,Discharge,QPA,0.161447917,,,
2018-08-12,Discharge,QPA,0.162322917,,,
2018-08-13,Discharge,QPA,0.16509375,,,
2018-08-14,Discharge,QPA,0.175875,,,
2018-08-15,Discharge,QPA,0.169614583,,,
2018-08-16,Discharge,QPA,0.218447917,,,
2018-08-17,Discharge,QPA,0.233177083,,,
2018-08-18,Discharge,QPA,0.204833333,,,
2018-08-19,Discharge,QPA,0.183489583,,,
2018-08-20,Discharge,QPA,0.1749375,,,
2018-08-21,Discharge,QPA,0.203302083,,,
2018-08-22,Discharge,QPA,0.18109375,,,
2018-08-23,Discharge,QPA,0.218166667,,,
2018-08-24,Discharge,QPA,0.217989583,,,
2018-08-25,Discharge,QPA,0.188708333,,,
2018-08-26,Discharge,QPA,0.2268125,,,
2018-08-27,Discharge,QPA,0.1863125,,,
2018-08-28,Discharge,QPA,0.2528125,,,
2018-08-29,Discharge,QPA,0.3020625,,,
2018-08-30,Discharge,QPA,0.263875,,,
2018-08-31,Discharge,QPA,0.228270833,,,
2018-09-01,Discharge,QPA,0.20465625,,,
2018-09-02,Discharge,QPA,0.201802083,,,
2018-09-03,Discharge,QPA,0.206510417,,,
2018-09-04,Discharge,QPA,0.234833333,,,
2018-09-05,Discharge,QPA,0.205125,,,
2018-09-06,Discharge,QPA,0.19384375,,,
2018-09-07,Discharge,QPA,0.1819375,,,
2018-09-08,Discharge,QPA,0.174427083,,,
2018-09-09,Discharge,QPA,0.172354167,,,
2018-09-10,Discharge,QPA,0.172197917,,,
2018-09-11,Discharge,QPA,0.1705625,,,
2018-09-12,Discharge,QPA,0.16965625,,,
2018-09-13,Discharge,QPA,0.174354167,,,
2018-09-14,Discharge,QPA,0.212333333,,,
2018-09-15,Discharge,QPA,0.212645833,,,
2018-09-16,Discharge,QPA,0.17984375,,,
2018-09-17,Discharge,QPA,0.170145833,,,
2018-09-18,Discharge,QPA,0.168145833,,,
2018-09-19,Discharge,QPA,0.1640625,,,
2018-09-20,Discharge,QPA,0.17140625,,,
2018-09-21,Discharge,QPA,0.161854167,,,
2018-09-22,Discharge,QPA,0.161479167,,,
2018-09-23,Discharge,QPA,0.162395833,,,
2018-09-24,Discharge,QPA,0.16990625,,,
2018-09-25,Discharge,QPA,0.3,,,
2018-09-26,Discharge,QPA,0.2200625,,,
2018-09-27,Discharge,QPA,0.191854167,,,
2018-09-28,Discharge,QPA,0.255552083,,,
2018-09-29,Discharge,QPA,0.3075,,,
2018-09-30,Discharge,QPA,0.231520833,,,
2018-10-01,Discharge,QPA,0.202739583,,,
2018-10-02,Discharge,QPA,0.190427083,,,
2018-10-03,Discharge,QPA,0.185572917,,,
2018-10-04,Discharge,QPA,0.181447917,,,
2018-10-05,Discharge,QPA,0.231510417,,,
2018-10-06,Discharge,QPA,0.253364583,,,
2018-10-07,Discharge,QPA,0.228,,,
2018-10-08,Discharge,QPA,0.216166667,,,
2018-10-09,Discharge,QPA,0.268645833,,,
2018-10-10,Discharge,QPA,0.25378125,,,
2018-10-11,Discharge,QPA,0.212760417,,,
2018-10-12,Discharge,QPA,0.21071875,,,
2018-10-13,Discharge,QPA,0.212,,,
2018-10-14,Discharge,QPA,0.20478125,,,
2018-10-15,Discharge,QPA,0.2669375,,,
2018-10-16,Discharge,QPA,0.230427083,,,
2018-10-17,Discharge,QPA,0.235770833,,,
2018-10-18,Discharge,QPA,0.231625,,,
2018-10-19,Discharge,QPA,0.218989583,,,
2018-10-20,Discharge,QPA,0.223760417,,,
2018-10-21,Discharge,QPA,0.2134375,,,
2018-10-22,Discharge,QPA,0.279416667,,,
2018-10-23,Discharge,QPA,0.2700625,,,
2018-10-24,Discharge,QPA,0.23115625,,,
2018-10-25,Discharge,QPA,0.21634375,,,
2018-10-26,Discharge,QPA,0.203479167,,,
2018-10-27,Discharge,QPA,0.198458333,,,
2018-10-28,Discharge,QPA,0.194770833,,,
2018-10-29,Discharge,QPA,0.19853125,,,
2018-10-30,Discharge,QPA,0.20334375,,,
2018-10-31,Discharge,QPA,0.201104167,,,
2018-11-01,Discharge,QPA,0.200510417,,,
2018-11-02,Discharge,QPA,0.21753125,,,
2018-11-03,Discharge,QPA,0.22240625,,,
2018-11-04,Discharge,QPA,0.362416667,,,
2018-11-05,Discharge,QPA,0.3378125,,,
2018-11-06,Discharge,QPA,0.265385417,,,
2018-11-07,Discharge,QPA,0.242458333,,,
2018-11-08,Discharge,QPA,0.25475,,,
2018-11-09,Discharge,QPA,0.21403125,,,
2018-11-10,Discharge,QPA,0.21075,,,
2018-11-11,Discharge,QPA,0.266979167,,,
2018-11-12,Discharge,QPA,0.244270833,,,
2018-11-13,Discharge,QPA,0.302666667,,,
2018-11-14,Discharge,QPA,0.30728125,,,
2018-11-15,Discharge,QPA,0.26015625,,,
2018-11-16,Discharge,QPA,0.271354167,,,
2018-11-17,Discharge,QPA,0.256875,,,
2018-11-18,Discharge,QPA,0.221177083,,,
2018-11-19,Discharge,QPA,0.211083333,,,
2018-11-20,Discharge,QPA,0.2073125,,,
2018-11-21,Discharge,QPA,0.209177083,,,
2018-11-22,Discharge,QPA,0.199875,,,
2018-11-23,Discharge,QPA,0.196510417,,,
2018-11-24,Discharge,QPA,0.1929375,,,
2018-11-25,Discharge,QPA,0.18965625,,,
2018-11-26,Discharge,QPA,0.187333333,,,
2018-11-27,Discharge,QPA,0.185010417,,,
2018-11-28,Discharge,QPA,0.183635417,,,
2018-11-29,Discharge,QPA,0.180739583,,,
2018-11-30,Discharge,QPA,0.181166667,,,
2018-12-01,Discharge,QPA,0.178697917,,,
2018-12-02,Discharge,QPA,0.17703125,,,
2018-12-03,Discharge,QPA,0.184947917,,,
2018-12-04,Discharge,QPA,0.177833333,,,
2018-12-05,Discharge,QPA,0.176614583,,,
2018-12-06,Discharge,QPA,0.173625,,,
2018-12-07,Discharge,QPA,0.176927083,,,
2018-12-08,Discharge,QPA,0.202385417,,,
2018-12-09,Discharge,QPA,0.177375,,,
2018-12-10,Discharge,QPA,0.170885417,,,
2018-12-11,Discharge,QPA,0.171375,,,
2018-12-12,Discharge,QPA,0.170802083,,,
2018-12-13,Discharge,QPA,0.16821875,,,
2018-12-14,Discharge,QPA,0.179770833,,,
2018-12-15,Discharge,QPA,0.17259375,,,
2018-12-16,Discharge,QPA,0.167895833,,,
2018-12-17,Discharge,QPA,0.163927083,,,
2018-12-18,Discharge,QPA,0.163354167,,,
2018-12-19,Discharge,QPA,0.168604167,,,
2018-12-20,Discharge,QPA,0.16671875,,,
2018-12-21,Discharge,QPA,0.16209375,,,
2018-12-22,Discharge,QPA,0.170979167,,,
2018-12-23,Discharge,QPA,0.173083333,,,
2018-12-24,Discharge,QPA,0.171177083,,,
2018-12-25,Discharge,QPA,0.173447917,,,
2018-12-26,Discharge,QPA,0.167583333,,,
2018-12-27,Discharge,QPA,0.189395833,,,
2018-12-28,Discharge,QPA,0.2731875,,,
2018-12-29,Discharge,QPA,0.254447917,,,
2018-12-30,Discharge,QPA,0.206708333,,,
2018-12-31,Discharge,QPA,0.17746875,,,
2019-01-01,Discharge,QPA,0.17790625,,,
2019-01-02,Discharge,QPA,0.170333333,,,
2019-01-03,Discharge,QPA,0.174510417,,,
2019-01-04,Discharge,QPA,0.166572917,,,
2019-01-05,Discharge,QPA,0.167666667,,,
2019-01-06,Discharge,QPA,0.165270833,,,
2019-01-07,Discharge,QPA,0.164208333,,,
2019-01-08,Discharge,QPA,0.16378125,,,
2019-01-09,Discharge,QPA,0.167041667,,,
2019-01-10,Discharge,QPA,0.164635417,,,
2019-01-11,Discharge,QPA,0.164583333,,,
2019-01-12,Discharge,QPA,0.168145833,,,
2019-01-13,Discharge,QPA,0.173729167,,,
2019-01-14,Discharge,QPA,0.16721875,,,
2019-01-15,Discharge,QPA,0.165854167,,,
2019-01-16,Discharge,QPA,0.168895833,,,
2019-01-17,Discharge,QPA,0.266677083,,,
2019-01-18,Discharge,QPA,0.203395833,,,
2019-01-19,Discharge,QPA,0.181989583,,,
2019-01-20,Discharge,QPA,0.178385417,,,
2019-01-21,Discharge,QPA,0.18065625,,,
2019-01-22,Discharge,QPA,0.18678125,,,
2019-01-23,Discharge,QPA,0.204302083,,,
2019-01-24,Discharge,QPA,0.226989583,,,
2019-01-25,Discharge,QPA,0.23003125,,,
2019-01-26,Discharge,QPA,0.19890625,,,
2019-01-27,Discharge,QPA,0.186177083,,,
2019-01-28,Discharge,QPA,0.182479167,,,
2019-01-29,Discharge,QPA,0.179864583,,,
2019-01-30,Discharge,QPA,0.176197917,,,
2019-01-31,Discharge,QPA,0.188302083,,,
2019-02-01,Discharge,QPA,0.18284375,,,
2019-02-02,Discharge,QPA,0.18153125,,,
2019-02-03,Discharge,QPA,0.179677083,,,
2019-02-04,Discharge,QPA,0.18084375,,,
2019-02-05,Discharge,QPA,0.178239583,,,
2019-02-06,Discharge,QPA,0.178416667,,,
2019-02-07,Discharge,QPA,0.177041667,,,
2019-02-08,Discharge,QPA,0.176760417,,,
2019-02-09,Discharge,QPA,0.22596875,,,
2019-02-10,Discharge,QPA,0.236145833,,,
2019-02-11,Discharge,QPA,0.21209375,,,
2019-02-12,Discharge,QPA,0.208291667,,,
2019-02-13,Discharge,QPA,0.1863125,,,
2019-02-14,Discharge,QPA,0.203427083,,,
2019-02-15,Discharge,QPA,0.189145833,,,
2019-02-16,Discharge,QPA,0.183604167,,,
2019-02-17,Discharge,QPA,0.18134375,,,
2019-02-18,Discharge,QPA,0.179447917,,,
2019-02-19,Discharge,QPA,0.1778125,,,
2019-02-20,Discharge,QPA,0.193822917,,,
2019-02-21,Discharge,QPA,0.18371875,,,
2019-02-22,Discharge,QPA,0.179520833,,,
2019-02-23,Discharge,QPA,0.176645833,,,
2019-02-24,Discharge,QPA,0.17515625,,,
2019-02-25,Discharge,QPA,0.177385417,,,
2019-02-26,Discharge,QPA,0.19253125,,,
2019-02-27,Discharge,QPA,0.271989583,,,
2019-02-28,Discharge,QPA,0.209291667,,,
2019-03-01,Discharge,QPA,0.194552083,,,
2019-03-02,Discharge,QPA,0.1845,,,
2019-03-03,Discharge,QPA,0.180875,,,
2019-03-04,Discharge,QPA,0.209239583,,,
2019-03-05,Discharge,QPA,0.191072917,,,
2019-03-06,Discharge,QPA,0.182604167,,,
2019-03-07,Discharge,QPA,0.179354167,,,
2019-03-08,Discharge,QPA,0.177427083,,,
2019-03-09,Discharge,QPA,0.185645833,,,
2019-03-10,Discharge,QPA,0.217489583,,,
2019-03-11,Discharge,QPA,0.22990625,,,
2019-03-12,Discharge,QPA,0.1920625,,,
2019-03-13,Discharge,QPA,0.183833333,,,
2019-03-14,Discharge,QPA,0.18203125,,,
2019-03-15,Discharge,QPA,0.177895833,,,
2019-03-16,Discharge,QPA,0.177510417,,,
2019-03-17,Discharge,QPA,0.177041667,,,
2019-03-18,Discharge,QPA,0.176083333,,,
2019-03-19,Discharge,QPA,0.17403125,,,
2019-03-20,Discharge,QPA,0.174052083,,,
2019-03-21,Discharge,QPA,0.174083333,,,
2019-03-22,Discharge,QPA,0.179416667,,,
2019-03-23,Discharge,QPA,0.18821875,,,
2019-03-24,Discharge,QPA,0.202104167,,,
2019-03-25,Discharge,QPA,0.219270833,,,
2019-03-26,Discharge,QPA,0.18146875,,,
2019-03-27,Discharge,QPA,0.1769375,,,
2019-03-28,Discharge,QPA,0.17534375,,,
2019-03-29,Discharge,QPA,0.175166667,,,
2019-03-30,Discharge,QPA,0.17415625,,,
2019-03-31,Discharge,QPA,0.173104167,,,
2019-04-01,Discharge,QPA,0.171760417,,,
2019-04-02,Discharge,QPA,0.1735625,,,
2019-04-03,Discharge,QPA,0.171229167,,,
2019-04-04,Discharge,QPA,0.183979167,,,
2019-04-05,Discharge,QPA,0.1733125,,,
2019-04-06,Discharge,QPA,0.174541667,,,
2019-04-07,Discharge,QPA,0.1716875,,,
2019-04-08,Discharge,QPA,0.172364583,,,
2019-04-09,Discharge,QPA,0.171635417,,,
2019-04-10,Discharge,QPA,0.172447917,,,
2019-04-11,Discharge,QPA,0.1728125,,,
2019-04-12,Discharge,QPA,0.173677083,,,
2019-04-13,Discharge,QPA,0.1693125,,,
2019-04-14,Discharge,QPA,0.175229167,,,
2019-04-15,Discharge,QPA,0.167583333,,,
2019-04-16,Discharge,QPA,0.169778947,,,
2019-04-17,Discharge,QPA,0.165864583,,,
2019-04-18,Discharge,QPA,0.156947917,,,
2019-04-19,Discharge,QPA,0.1568125,,,
2019-04-20,Discharge,QPA,0.161260417,,,
2019-04-21,Discharge,QPA,0.178385417,,,
2019-04-22,Discharge,QPA,0.180708333,,,
2019-04-23,Discharge,QPA,0.157666667,,,
2019-04-24,Discharge,QPA,0.154708333,,,
2019-04-25,Discharge,QPA,0.153291667,,,
2019-04-26,Discharge,QPA,0.153770833,,,
2019-04-27,Discharge,QPA,0.152989583,,,
2019-04-28,Discharge,QPA,0.235364583,,,
2019-04-29,Discharge,QPA,0.22925,,,
2019-04-30,Discharge,QPA,0.167895833,,,
2019-05-01,Discharge,QPA,0.20578125,,,
2019-05-02,Discharge,QPA,0.265625,,,
2019-05-03,Discharge,QPA,0.18853125,,,
2019-05-04,Discharge,QPA,0.1825,,,
2019-05-05,Discharge,QPA,0.181083333,,,
2019-05-06,Discharge,QPA,0.21053125,,,
2019-05-07,Discharge,QPA,0.19065625,,,
2019-05-08,Discharge,QPA,0.179802083,,,
2019-05-09,Discharge,QPA,0.17628125,,,
2019-05-10,Discharge,QPA,0.180791667,,,
2019-05-11,Discharge,QPA,0.177385417,,,
2019-05-12,Discharge,QPA,0.177104167,,,
2019-05-13,Discharge,QPA,0.173375,,,
2019-05-14,Discharge,QPA,0.17084375,,,
2019-05-15,Discharge,QPA,0.170427083,,,
2019-05-16,Discharge,QPA,0.170364583,,,
2019-05-17,Discharge,QPA,0.169989583,,,
2019-05-18,Discharge,QPA,0.170135417,,,
2019-05-19,Discharge,QPA,0.1690625,,,
2019-05-20,Discharge,QPA,0.25375,,,
2019-05-21,Discharge,QPA,0.203770833,,,
2019-05-22,Discharge,QPA,0.180364583,,,
2019-05-23,Discharge,QPA,0.1785,,,
2019-05-24,Discharge,QPA,0.2040625,,,
2019-05-25,Discharge,QPA,0.186708333,,,
2019-05-26,Discharge,QPA,0.176583333,,,
2019-05-27,Discharge,QPA,0.192864583,,,
2019-05-28,Discharge,QPA,0.2195,,,
2019-05-29,Discharge,QPA,0.231947917,,,
2019-05-30,Discharge,QPA,0.241625,,,
2019-05-31,Discharge,QPA,0.200833333,,,
2017-01-01,Discharge,QPB,0.180552083,,,
2017-01-02,Discharge,QPB,0.18440625,,,
2017-01-03,Discharge,QPB,0.165208333,,,
2017-01-04,Discharge,QPB,0.136916667,,,
2017-01-05,Discharge,QPB,0.1335625,,,
2017-01-06,Discharge,QPB,0.150739583,,,
2017-01-07,Discharge,QPB,0.156177083,,,
2017-01-08,Discharge,QPB,0.147333333,,,
2017-01-09,Discharge,QPB,0.142854167,,,
2017-01-10,Discharge,QPB,0.129229167,,,
2017-01-11,Discharge,QPB,0.19428125,,,
2017-01-12,Discharge,QPB,0.167666667,,,
2017-01-13,Discharge,QPB,0.1560625,,,
2017-01-14,Discharge,QPB,0.155125,,,
2017-01-15,Discharge,QPB,0.15309375,,,
2017-01-16,Discharge,QPB,0.165395833,,,
2017-01-17,Discharge,QPB,0.220416667,,,
2017-01-18,Discharge,QPB,0.22609375,,,
2017-01-19,Discharge,QPB,0.14640625,,,
2017-01-20,Discharge,QPB,0.137625,,,
2017-01-21,Discharge,QPB,0.137010417,,,
2017-01-22,Discharge,QPB,0.1253125,,,
2017-01-23,Discharge,QPB,0.1098125,,,
2017-01-24,Discharge,QPB,0.125083333,,,
2017-01-25,Discharge,QPB,0.12934375,,,
2017-01-26,Discharge,QPB,0.120958333,,,
2017-01-27,Discharge,QPB,0.118302083,,,
2017-01-28,Discharge,QPB,0.117625,,,
2017-01-29,Discharge,QPB,0.120708333,,,
2017-01-30,Discharge,QPB,0.120135417,,,
2017-01-31,Discharge,QPB,0.119291667,,,
2017-02-01,Discharge,QPB,0.11575,,,
2017-02-02,Discharge,QPB,0.11334375,,,
2017-02-03,Discharge,QPB,0.11259375,,,
2017-02-04,Discharge,QPB,0.1194375,,,
2017-02-05,Discharge,QPB,0.151,,,
2017-02-06,Discharge,QPB,0.1515,,,
2017-02-07,Discharge,QPB,0.16340625,,,
2017-02-08,Discharge,QPB,0.12475,,,
2017-02-09,Discharge,QPB,0.113791667,,,
2017-02-10,Discharge,QPB,0.113342857,,,
2017-02-11,Discharge,QPB,NA,,,
2017-02-12,Discharge,QPB,NA,,,
2017-02-13,Discharge,QPB,NA,,,
2017-02-14,Discharge,QPB,NA,,,
2017-02-15,Discharge,QPB,NA,,,
2017-02-16,Discharge,QPB,NA,,,
2017-02-17,Discharge,QPB,NA,,,
2017-02-18,Discharge,QPB,NA,,,
2017-02-19,Discharge,QPB,NA,,,
2017-02-20,Discharge,QPB,NA,,,
2017-02-21,Discharge,QPB,NA,,,
2017-02-22,Discharge,QPB,NA,,,
2017-02-23,Discharge,QPB,NA,,,
2017-02-24,Discharge,QPB,NA,,,
2017-02-25,Discharge,QPB,NA,,,
2017-02-26,Discharge,QPB,NA,,,
2017-02-27,Discharge,QPB,NA,,,
2017-02-28,Discharge,QPB,NA,,,
2017-03-01,Discharge,QPB,NA,,,
2017-03-02,Discharge,QPB,NA,,,
2017-03-03,Discharge,QPB,NA,,,
2017-03-04,Discharge,QPB,NA,,,
2017-03-05,Discharge,QPB,NA,,,
2017-03-06,Discharge,QPB,NA,,,
2017-03-07,Discharge,QPB,NA,,,
2017-03-08,Discharge,QPB,NA,,,
2017-03-09,Discharge,QPB,NA,,,
2017-03-10,Discharge,QPB,0.184887097,,,
2017-03-11,Discharge,QPB,0.150072917,,,
2017-03-12,Discharge,QPB,0.136708333,,,
2017-03-13,Discharge,QPB,0.1299375,,,
2017-03-14,Discharge,QPB,0.124552083,,,
2017-03-15,Discharge,QPB,0.118770833,,,
2017-03-16,Discharge,QPB,0.11946875,,,
2017-03-17,Discharge,QPB,0.116635417,,,
2017-03-18,Discharge,QPB,0.116260417,,,
2017-03-19,Discharge,QPB,0.112885417,,,
2017-03-20,Discharge,QPB,0.127479167,,,
2017-03-21,Discharge,QPB,0.113020833,,,
2017-03-22,Discharge,QPB,0.114635417,,,
2017-03-23,Discharge,QPB,0.202770833,,,
2017-03-24,Discharge,QPB,0.16315625,,,
2017-03-25,Discharge,QPB,0.144364583,,,
2017-03-26,Discharge,QPB,0.126802083,,,
2017-03-27,Discharge,QPB,0.11815625,,,
2017-03-28,Discharge,QPB,0.169625,,,
2017-03-29,Discharge,QPB,0.167625,,,
2017-03-30,Discharge,QPB,0.139375,,,
2017-03-31,Discharge,QPB,0.125010417,,,
2017-04-01,Discharge,QPB,0.119635417,,,
2017-04-02,Discharge,QPB,0.115822917,,,
2017-04-03,Discharge,QPB,0.210031579,,,
2017-04-04,Discharge,QPB,0.161427083,,,
2017-04-05,Discharge,QPB,0.148947917,,,
2017-04-06,Discharge,QPB,0.144645833,,,
2017-04-07,Discharge,QPB,0.141708333,,,
2017-04-08,Discharge,QPB,0.138666667,,,
2017-04-09,Discharge,QPB,0.135385417,,,
2017-04-10,Discharge,QPB,0.1401875,,,
2017-04-11,Discharge,QPB,0.135020833,,,
2017-04-12,Discharge,QPB,0.13234375,,,
2017-04-13,Discharge,QPB,0.1781875,,,
2017-04-14,Discharge,QPB,0.171427083,,,
2017-04-15,Discharge,QPB,0.15696875,,,
2017-04-16,Discharge,QPB,0.228583333,,,
2017-04-17,Discharge,QPB,0.33340625,,,
2017-04-18,Discharge,QPB,0.254791667,,,
2017-04-19,Discharge,QPB,0.199510417,,,
2017-04-20,Discharge,QPB,0.1740625,,,
2017-04-21,Discharge,QPB,0.1628125,,,
2017-04-22,Discharge,QPB,0.157239583,,,
2017-04-23,Discharge,QPB,0.157895833,,,
2017-04-24,Discharge,QPB,0.203791667,,,
2017-04-25,Discharge,QPB,0.1543125,,,
2017-04-26,Discharge,QPB,0.149385417,,,
2017-04-27,Discharge,QPB,0.143739583,,,
2017-04-28,Discharge,QPB,0.14784375,,,
2017-04-29,Discharge,QPB,0.242697917,,,
2017-04-30,Discharge,QPB,0.28778125,,,
2017-05-01,Discharge,QPB,0.331645833,,,
2017-05-02,Discharge,QPB,0.221270833,,,
2017-05-03,Discharge,QPB,0.19059375,,,
2017-05-04,Discharge,QPB,0.18071875,,,
2017-05-05,Discharge,QPB,0.181114583,,,
2017-05-06,Discharge,QPB,0.181083333,,,
2017-05-07,Discharge,QPB,0.175302083,,,
2017-05-08,Discharge,QPB,0.173833333,,,
2017-05-09,Discharge,QPB,0.180854167,,,
2017-05-10,Discharge,QPB,0.1755625,,,
2017-05-11,Discharge,QPB,0.169083333,,,
2017-05-12,Discharge,QPB,0.165302083,,,
2017-05-13,Discharge,QPB,0.1581875,,,
2017-05-14,Discharge,QPB,0.15871875,,,
2017-05-15,Discharge,QPB,0.163864583,,,
2017-05-16,Discharge,QPB,0.154510417,,,
2017-05-17,Discharge,QPB,0.148833333,,,
2017-05-18,Discharge,QPB,0.147010417,,,
2017-05-19,Discharge,QPB,0.145239583,,,
2017-05-20,Discharge,QPB,0.147489583,,,
2017-05-21,Discharge,QPB,0.157822917,,,
2017-05-22,Discharge,QPB,0.14959375,,,
2017-05-23,Discharge,QPB,0.139520833,,,
2017-05-24,Discharge,QPB,0.139416667,,,
2017-05-25,Discharge,QPB,0.1413125,,,
2017-05-26,Discharge,QPB,0.147083333,,,
2017-05-27,Discharge,QPB,0.143947917,,,
2017-05-28,Discharge,QPB,0.146604167,,,
2017-05-29,Discharge,QPB,0.201385417,,,
2017-05-30,Discharge,QPB,0.20278125,,,
2017-05-31,Discharge,QPB,0.244625,,,
2017-06-01,Discharge,QPB,0.177645833,,,
2017-06-02,Discharge,QPB,0.185802083,,,
2017-06-03,Discharge,QPB,0.158010417,,,
2017-06-04,Discharge,QPB,0.146729167,,,
2017-06-05,Discharge,QPB,0.14434375,,,
2017-06-06,Discharge,QPB,0.1383125,,,
2017-06-07,Discharge,QPB,0.137760417,,,
2017-06-08,Discharge,QPB,0.18596875,,,
2017-06-09,Discharge,QPB,0.185427083,,,
2017-06-10,Discharge,QPB,0.162708333,,,
2017-06-11,Discharge,QPB,0.159552083,,,
2017-06-12,Discharge,QPB,0.153104167,,,
2017-06-13,Discharge,QPB,0.143677083,,,
2017-06-14,Discharge,QPB,0.150541667,,,
2017-06-15,Discharge,QPB,0.148270833,,,
2017-06-16,Discharge,QPB,0.1391875,,,
2017-06-17,Discharge,QPB,0.14996875,,,
2017-06-18,Discharge,QPB,0.153979167,,,
2017-06-19,Discharge,QPB,0.294978947,,,
2017-06-20,Discharge,QPB,0.23440625,,,
2017-06-21,Discharge,QPB,0.214239583,,,
2017-06-22,Discharge,QPB,0.183333333,,,
2017-06-23,Discharge,QPB,0.173729167,,,
2017-06-24,Discharge,QPB,0.183020833,,,
2017-06-25,Discharge,QPB,0.167333333,,,
2017-06-26,Discharge,QPB,0.19296875,,,
2017-06-27,Discharge,QPB,0.164416667,,,
2017-06-28,Discharge,QPB,0.172333333,,,
2017-06-29,Discharge,QPB,0.18340625,,,
2017-06-30,Discharge,QPB,0.178520833,,,
2017-07-01,Discharge,QPB,0.164375,,,
2017-07-02,Discharge,QPB,0.1530625,,,
2017-07-03,Discharge,QPB,0.152802083,,,
2017-07-04,Discharge,QPB,0.183697917,,,
2017-07-05,Discharge,QPB,0.311484848,,,
2017-07-06,Discharge,QPB,NA,,,
2017-07-07,Discharge,QPB,NA,,,
2017-07-08,Discharge,QPB,NA,,,
2017-07-09,Discharge,QPB,NA,,,
2017-07-10,Discharge,QPB,NA,,,
2017-07-11,Discharge,QPB,NA,,,
2017-07-12,Discharge,QPB,NA,,,
2017-07-13,Discharge,QPB,NA,,,
2017-07-14,Discharge,QPB,NA,,,
2017-07-15,Discharge,QPB,NA,,,
2017-07-16,Discharge,QPB,NA,,,
2017-07-17,Discharge,QPB,NA,,,
2017-07-18,Discharge,QPB,NA,,,
2017-07-19,Discharge,QPB,NA,,,
2017-07-20,Discharge,QPB,NA,,,
2017-07-21,Discharge,QPB,NA,,,
2017-07-22,Discharge,QPB,NA,,,
2017-07-23,Discharge,QPB,NA,,,
2017-07-24,Discharge,QPB,NA,,,
2017-07-25,Discharge,QPB,NA,,,
2017-07-26,Discharge,QPB,NA,,,
2017-07-27,Discharge,QPB,NA,,,
2017-07-28,Discharge,QPB,NA,,,
2017-07-29,Discharge,QPB,NA,,,
2017-07-30,Discharge,QPB,NA,,,
2017-07-31,Discharge,QPB,NA,,,
2017-08-01,Discharge,QPB,NA,,,
2017-08-02,Discharge,QPB,0.194453125,,,
2017-08-03,Discharge,QPB,0.185375,,,
2017-08-04,Discharge,QPB,0.215479167,,,
2017-08-05,Discharge,QPB,0.193395833,,,
2017-08-06,Discharge,QPB,0.1976875,,,
2017-08-07,Discharge,QPB,0.223270833,,,
2017-08-08,Discharge,QPB,0.187739583,,,
2017-08-09,Discharge,QPB,0.19515625,,,
2017-08-10,Discharge,QPB,0.188697917,,,
2017-08-11,Discharge,QPB,0.166385417,,,
2017-08-12,Discharge,QPB,0.163208333,,,
2017-08-13,Discharge,QPB,0.16209375,,,
2017-08-14,Discharge,QPB,0.196447917,,,
2017-08-15,Discharge,QPB,0.270666667,,,
2017-08-16,Discharge,QPB,0.205125,,,
2017-08-17,Discharge,QPB,0.372354167,,,
2017-08-18,Discharge,QPB,0.233697917,,,
2017-08-19,Discharge,QPB,0.269302083,,,
2017-08-20,Discharge,QPB,0.330927083,,,
2017-08-21,Discharge,QPB,0.294614583,,,
2017-08-22,Discharge,QPB,0.248666667,,,
2017-08-23,Discharge,QPB,0.2125625,,,
2017-08-24,Discharge,QPB,0.209083333,,,
2017-08-25,Discharge,QPB,0.226916667,,,
2017-08-26,Discharge,QPB,0.207010417,,,
2017-08-27,Discharge,QPB,0.266697917,,,
2017-08-28,Discharge,QPB,0.248947917,,,
2017-08-29,Discharge,QPB,0.254333333,,,
2017-08-30,Discharge,QPB,0.239229167,,,
2017-08-31,Discharge,QPB,0.229302083,,,
2017-09-01,Discharge,QPB,0.225854167,,,
2017-09-02,Discharge,QPB,0.21721875,,,
2017-09-03,Discharge,QPB,0.220979167,,,
2017-09-04,Discharge,QPB,0.199197917,,,
2017-09-05,Discharge,QPB,0.20584375,,,
2017-09-06,Discharge,QPB,0.24809375,,,
2017-09-07,Discharge,QPB,0.3423125,,,
2017-09-08,Discharge,QPB,0.27909375,,,
2017-09-09,Discharge,QPB,0.22428125,,,
2017-09-10,Discharge,QPB,0.209895833,,,
2017-09-11,Discharge,QPB,0.276239583,,,
2017-09-12,Discharge,QPB,0.230020833,,,
2017-09-13,Discharge,QPB,0.207333333,,,
2017-09-14,Discharge,QPB,0.193541667,,,
2017-09-15,Discharge,QPB,0.1880625,,,
2017-09-16,Discharge,QPB,0.1840625,,,
2017-09-17,Discharge,QPB,0.18059375,,,
2017-09-18,Discharge,QPB,0.171978947,,,
2017-09-19,Discharge,QPB,0.199166667,,,
2017-09-20,Discharge,QPB,0.286302083,,,
2017-09-21,Discharge,QPB,0.312072917,,,
2017-09-22,Discharge,QPB,0.287895833,,,
2017-09-23,Discharge,QPB,0.23615625,,,
2017-09-24,Discharge,QPB,0.2176875,,,
2017-09-25,Discharge,QPB,0.206427083,,,
2017-09-26,Discharge,QPB,0.19796875,,,
2017-09-27,Discharge,QPB,0.193927083,,,
2017-09-28,Discharge,QPB,0.192770833,,,
2017-09-29,Discharge,QPB,0.19234375,,,
2017-09-30,Discharge,QPB,0.214145833,,,
2017-10-01,Discharge,QPB,0.192791667,,,
2017-10-02,Discharge,QPB,0.179239583,,,
2017-10-03,Discharge,QPB,0.208427083,,,
2017-10-04,Discharge,QPB,0.1900625,,,
2017-10-05,Discharge,QPB,0.19234375,,,
2017-10-06,Discharge,QPB,0.1880625,,,
2017-10-07,Discharge,QPB,0.18175,,,
2017-10-08,Discharge,QPB,0.174447917,,,
2017-10-09,Discharge,QPB,0.208604167,,,
2017-10-10,Discharge,QPB,0.236875,,,
2017-10-11,Discharge,QPB,0.211270833,,,
2017-10-12,Discharge,QPB,0.185822917,,,
2017-10-13,Discharge,QPB,0.182885417,,,
2017-10-14,Discharge,QPB,0.204427083,,,
2017-10-15,Discharge,QPB,0.242604167,,,
2017-10-16,Discharge,QPB,0.324041667,,,
2017-10-17,Discharge,QPB,0.281447917,,,
2017-10-18,Discharge,QPB,0.241020833,,,
2017-10-19,Discharge,QPB,0.209105263,,,
2017-10-20,Discharge,QPB,0.19915625,,,
2017-10-21,Discharge,QPB,0.194645833,,,
2017-10-22,Discharge,QPB,0.188427083,,,
2017-10-23,Discharge,QPB,0.184072917,,,
2017-10-24,Discharge,QPB,0.181614583,,,
2017-10-25,Discharge,QPB,0.177,,,
2017-10-26,Discharge,QPB,0.173791667,,,
2017-10-27,Discharge,QPB,0.171041667,,,
2017-10-28,Discharge,QPB,0.168291667,,,
2017-10-29,Discharge,QPB,0.179489583,,,
2017-10-30,Discharge,QPB,0.162083333,,,
2017-10-31,Discharge,QPB,0.158875,,,
2017-11-01,Discharge,QPB,0.160114583,,,
2017-11-02,Discharge,QPB,0.161604167,,,
2017-11-03,Discharge,QPB,0.15625,,,
2017-11-04,Discharge,QPB,0.1536875,,,
2017-11-05,Discharge,QPB,0.242760417,,,
2017-11-06,Discharge,QPB,0.185614583,,,
2017-11-07,Discharge,QPB,0.190364583,,,
2017-11-08,Discharge,QPB,0.240645833,,,
2017-11-09,Discharge,QPB,0.233854167,,,
2017-11-10,Discharge,QPB,0.179489583,,,
2017-11-11,Discharge,QPB,0.184583333,,,
2017-11-12,Discharge,QPB,0.224104167,,,
2017-11-13,Discharge,QPB,0.191145833,,,
2017-11-14,Discharge,QPB,0.18128125,,,
2017-11-15,Discharge,QPB,0.2255625,,,
2017-11-16,Discharge,QPB,0.181114583,,,
2017-11-17,Discharge,QPB,0.173052083,,,
2017-11-18,Discharge,QPB,0.172739583,,,
2017-11-19,Discharge,QPB,0.17228125,,,
2017-11-20,Discharge,QPB,0.170479167,,,
2017-11-21,Discharge,QPB,0.165427083,,,
2017-11-22,Discharge,QPB,0.160020833,,,
2017-11-23,Discharge,QPB,0.158114583,,,
2017-11-24,Discharge,QPB,0.15915625,,,
2017-11-25,Discharge,QPB,0.171677083,,,
2017-11-26,Discharge,QPB,0.154739583,,,
2017-11-27,Discharge,QPB,0.15196875,,,
2017-11-28,Discharge,QPB,0.149927083,,,
2017-11-29,Discharge,QPB,0.14925,,,
2017-11-30,Discharge,QPB,0.145666667,,,
2017-12-01,Discharge,QPB,0.142739583,,,
2017-12-02,Discharge,QPB,0.14146875,,,
2017-12-03,Discharge,QPB,0.140322917,,,
2017-12-04,Discharge,QPB,0.141697917,,,
2017-12-05,Discharge,QPB,0.206177083,,,
2017-12-06,Discharge,QPB,0.25471875,,,
2017-12-07,Discharge,QPB,0.241697917,,,
2017-12-08,Discharge,QPB,0.186708333,,,
2017-12-09,Discharge,QPB,0.169447917,,,
2017-12-10,Discharge,QPB,0.163447917,,,
2017-12-11,Discharge,QPB,0.171854167,,,
2017-12-12,Discharge,QPB,0.153885417,,,
2017-12-13,Discharge,QPB,0.152354167,,,
2017-12-14,Discharge,QPB,0.148052083,,,
2017-12-15,Discharge,QPB,0.144302083,,,
2017-12-16,Discharge,QPB,0.15653125,,,
2017-12-17,Discharge,QPB,0.18834375,,,
2017-12-18,Discharge,QPB,0.211854167,,,
2017-12-19,Discharge,QPB,0.20809375,,,
2017-12-20,Discharge,QPB,0.169052083,,,
2017-12-21,Discharge,QPB,0.181083333,,,
2017-12-22,Discharge,QPB,0.17325,,,
2017-12-23,Discharge,QPB,0.164270833,,,
2017-12-24,Discharge,QPB,0.204604167,,,
2017-12-25,Discharge,QPB,0.191552083,,,
2017-12-26,Discharge,QPB,0.18309375,,,
2017-12-27,Discharge,QPB,0.200895833,,,
2017-12-28,Discharge,QPB,0.198770833,,,
2017-12-29,Discharge,QPB,0.18153125,,,
2017-12-30,Discharge,QPB,0.177979167,,,
2017-12-31,Discharge,QPB,0.175041667,,,
2018-01-01,Discharge,QPB,0.189708333,,,
2018-01-02,Discharge,QPB,0.173760417,,,
2018-01-03,Discharge,QPB,0.163447917,,,
2018-01-04,Discharge,QPB,0.157145833,,,
2018-01-05,Discharge,QPB,0.168625,,,
2018-01-06,Discharge,QPB,0.174708333,,,
2018-01-07,Discharge,QPB,0.161229167,,,
2018-01-08,Discharge,QPB,0.156333333,,,
2018-01-09,Discharge,QPB,0.1768125,,,
2018-01-10,Discharge,QPB,0.16215625,,,
2018-01-11,Discharge,QPB,0.227989583,,,
2018-01-12,Discharge,QPB,0.18459375,,,
2018-01-13,Discharge,QPB,0.1854375,,,
2018-01-14,Discharge,QPB,0.220072917,,,
2018-01-15,Discharge,QPB,0.195052083,,,
2018-01-16,Discharge,QPB,0.20796875,,,
2018-01-17,Discharge,QPB,0.210541667,,,
2018-01-18,Discharge,QPB,0.179395833,,,
2018-01-19,Discharge,QPB,0.172291667,,,
2018-01-20,Discharge,QPB,0.16775,,,
2018-01-21,Discharge,QPB,0.1640625,,,
2018-01-22,Discharge,QPB,0.165364583,,,
2018-01-23,Discharge,QPB,0.16609375,,,
2018-01-24,Discharge,QPB,0.169552083,,,
2018-01-25,Discharge,QPB,0.228729167,,,
2018-01-26,Discharge,QPB,0.19953125,,,
2018-01-27,Discharge,QPB,0.268989583,,,
2018-01-28,Discharge,QPB,0.254875,,,
2018-01-29,Discharge,QPB,0.292104167,,,
2018-01-30,Discharge,QPB,0.22575,,,
2018-01-31,Discharge,QPB,0.19890625,,,
2018-02-01,Discharge,QPB,0.188010417,,,
2018-02-02,Discharge,QPB,0.1905625,,,
2018-02-03,Discharge,QPB,0.20865625,,,
2018-02-04,Discharge,QPB,0.19359375,,,
2018-02-05,Discharge,QPB,0.18196875,,,
2018-02-06,Discharge,QPB,0.17678125,,,
2018-02-07,Discharge,QPB,0.173822917,,,
2018-02-08,Discharge,QPB,0.174541667,,,
2018-02-09,Discharge,QPB,0.183864583,,,
2018-02-10,Discharge,QPB,0.196322917,,,
2018-02-11,Discharge,QPB,0.18921875,,,
2018-02-12,Discharge,QPB,0.208354167,,,
2018-02-13,Discharge,QPB,0.210104167,,,
2018-02-14,Discharge,QPB,0.184833333,,,
2018-02-15,Discharge,QPB,0.181333333,,,
2018-02-16,Discharge,QPB,0.244583333,,,
2018-02-17,Discharge,QPB,0.22603125,,,
2018-02-18,Discharge,QPB,0.19809375,,,
2018-02-19,Discharge,QPB,0.187375,,,
2018-02-20,Discharge,QPB,0.19959375,,,
2018-02-21,Discharge,QPB,0.23859375,,,
2018-02-22,Discharge,QPB,0.229489583,,,
2018-02-23,Discharge,QPB,0.206427083,,,
2018-02-24,Discharge,QPB,0.225208333,,,
2018-02-25,Discharge,QPB,0.225979167,,,
2018-02-26,Discharge,QPB,0.247385417,,,
2018-02-27,Discharge,QPB,0.202072917,,,
2018-02-28,Discharge,QPB,0.19375,,,
2018-03-01,Discharge,QPB,0.195958333,,,
2018-03-02,Discharge,QPB,0.184135417,,,
2018-03-03,Discharge,QPB,0.180802083,,,
2018-03-04,Discharge,QPB,0.17775,,,
2018-03-05,Discharge,QPB,0.175583333,,,
2018-03-06,Discharge,QPB,0.171083333,,,
2018-03-07,Discharge,QPB,0.167395833,,,
2018-03-08,Discharge,QPB,0.1653125,,,
2018-03-09,Discharge,QPB,0.163458333,,,
2018-03-10,Discharge,QPB,0.161760417,,,
2018-03-11,Discharge,QPB,0.161385417,,,
2018-03-12,Discharge,QPB,0.15875,,,
2018-03-13,Discharge,QPB,0.158729167,,,
2018-03-14,Discharge,QPB,0.155895833,,,
2018-03-15,Discharge,QPB,0.151604167,,,
2018-03-16,Discharge,QPB,0.148833333,,,
2018-03-17,Discharge,QPB,0.1480625,,,
2018-03-18,Discharge,QPB,0.146302083,,,
2018-03-19,Discharge,QPB,0.144614583,,,
2018-03-20,Discharge,QPB,0.143802083,,,
2018-03-21,Discharge,QPB,0.142625,,,
2018-03-22,Discharge,QPB,0.14228125,,,
2018-03-23,Discharge,QPB,0.142802083,,,
2018-03-24,Discharge,QPB,0.163104167,,,
2018-03-25,Discharge,QPB,0.210083333,,,
2018-03-26,Discharge,QPB,0.154572917,,,
2018-03-27,Discharge,QPB,0.18125,,,
2018-03-28,Discharge,QPB,0.183166667,,,
2018-03-29,Discharge,QPB,0.158989583,,,
2018-03-30,Discharge,QPB,0.148479167,,,
2018-03-31,Discharge,QPB,0.14565625,,,
2018-04-01,Discharge,QPB,0.144052083,,,
2018-04-02,Discharge,QPB,0.143989583,,,
2018-04-03,Discharge,QPB,0.143739583,,,
2018-04-04,Discharge,QPB,0.143708333,,,
2018-04-05,Discharge,QPB,0.128604167,,,
2018-04-06,Discharge,QPB,0.127520833,,,
2018-04-07,Discharge,QPB,0.12696875,,,
2018-04-08,Discharge,QPB,0.12603125,,,
2018-04-09,Discharge,QPB,0.129458333,,,
2018-04-10,Discharge,QPB,0.135625,,,
2018-04-11,Discharge,QPB,0.18096875,,,
2018-04-12,Discharge,QPB,0.136135417,,,
2018-04-13,Discharge,QPB,0.13209375,,,
2018-04-14,Discharge,QPB,0.144552083,,,
2018-04-15,Discharge,QPB,0.184510417,,,
2018-04-16,Discharge,QPB,0.16990625,,,
2018-04-17,Discharge,QPB,0.206104167,,,
2018-04-18,Discharge,QPB,0.193895833,,,
2018-04-19,Discharge,QPB,0.208302083,,,
2018-04-20,Discharge,QPB,0.16165625,,,
2018-04-21,Discharge,QPB,0.215083333,,,
2018-04-22,Discharge,QPB,0.1609375,,,
2018-04-23,Discharge,QPB,0.166916667,,,
2018-04-24,Discharge,QPB,0.157822917,,,
2018-04-25,Discharge,QPB,0.144760417,,,
2018-04-26,Discharge,QPB,0.14165625,,,
2018-04-27,Discharge,QPB,0.139333333,,,
2018-04-28,Discharge,QPB,0.13671875,,,
2018-04-29,Discharge,QPB,0.13428125,,,
2018-04-30,Discharge,QPB,0.134333333,,,
2018-05-01,Discharge,QPB,0.142958333,,,
2018-05-02,Discharge,QPB,0.138979167,,,
2018-05-03,Discharge,QPB,0.18721875,,,
2018-05-04,Discharge,QPB,0.236135417,,,
2018-05-05,Discharge,QPB,0.24778125,,,
2018-05-06,Discharge,QPB,0.21984375,,,
2018-05-07,Discharge,QPB,0.18090625,,,
2018-05-08,Discharge,QPB,0.1828125,,,
2018-05-09,Discharge,QPB,0.209114583,,,
2018-05-10,Discharge,QPB,0.165739583,,,
2018-05-11,Discharge,QPB,0.156604167,,,
2018-05-12,Discharge,QPB,0.166229167,,,
2018-05-13,Discharge,QPB,0.152885417,,,
2018-05-14,Discharge,QPB,0.181145833,,,
2018-05-15,Discharge,QPB,0.189447917,,,
2018-05-16,Discharge,QPB,0.151239583,,,
2018-05-17,Discharge,QPB,0.1805625,,,
2018-05-18,Discharge,QPB,0.205458333,,,
2018-05-19,Discharge,QPB,0.202583333,,,
2018-05-20,Discharge,QPB,0.17578125,,,
2018-05-21,Discharge,QPB,0.188645833,,,
2018-05-22,Discharge,QPB,0.20128125,,,
2018-05-23,Discharge,QPB,0.181177083,,,
2018-05-24,Discharge,QPB,0.162791667,,,
2018-05-25,Discharge,QPB,0.18175,,,
2018-05-26,Discharge,QPB,0.190072917,,,
2018-05-27,Discharge,QPB,0.159,,,
2018-05-28,Discharge,QPB,0.2315,,,
2018-05-29,Discharge,QPB,0.165125,,,
2018-05-30,Discharge,QPB,0.191145833,,,
2018-05-31,Discharge,QPB,0.157572917,,,
2018-06-01,Discharge,QPB,0.14878125,,,
2018-06-02,Discharge,QPB,0.142489583,,,
2018-06-03,Discharge,QPB,0.137875,,,
2018-06-04,Discharge,QPB,0.1344375,,,
2018-06-05,Discharge,QPB,0.132416667,,,
2018-06-06,Discharge,QPB,0.13284375,,,
2018-06-07,Discharge,QPB,0.12990625,,,
2018-06-08,Discharge,QPB,0.127895833,,,
2018-06-09,Discharge,QPB,0.13075,,,
2018-06-10,Discharge,QPB,0.161625,,,
2018-06-11,Discharge,QPB,0.145354167,,,
2018-06-12,Discharge,QPB,0.15878125,,,
2018-06-13,Discharge,QPB,0.132552083,,,
2018-06-14,Discharge,QPB,0.125208333,,,
2018-06-15,Discharge,QPB,0.122375,,,
2018-06-16,Discharge,QPB,0.122416667,,,
2018-06-17,Discharge,QPB,0.120645833,,,
2018-06-18,Discharge,QPB,0.12103125,,,
2018-06-19,Discharge,QPB,0.125666667,,,
2018-06-20,Discharge,QPB,0.123583333,,,
2018-06-21,Discharge,QPB,0.121302083,,,
2018-06-22,Discharge,QPB,0.126375,,,
2018-06-23,Discharge,QPB,0.260760417,,,
2018-06-24,Discharge,QPB,0.200927083,,,
2018-06-25,Discharge,QPB,0.164864583,,,
2018-06-26,Discharge,QPB,0.140979167,,,
2018-06-27,Discharge,QPB,0.133927083,,,
2018-06-28,Discharge,QPB,0.142541667,,,
2018-06-29,Discharge,QPB,0.133510417,,,
2018-06-30,Discharge,QPB,0.126427083,,,
2018-07-01,Discharge,QPB,0.123416667,,,
2018-07-02,Discharge,QPB,0.1211875,,,
2018-07-03,Discharge,QPB,0.11990625,,,
2018-07-04,Discharge,QPB,0.119135417,,,
2018-07-05,Discharge,QPB,0.118385417,,,
2018-07-06,Discharge,QPB,0.1164375,,,
2018-07-07,Discharge,QPB,0.113979167,,,
2018-07-08,Discharge,QPB,0.116375,,,
2018-07-09,Discharge,QPB,0.200489583,,,
2018-07-10,Discharge,QPB,0.174354167,,,
2018-07-11,Discharge,QPB,0.130427083,,,
2018-07-12,Discharge,QPB,0.124479167,,,
2018-07-13,Discharge,QPB,0.122375,,,
2018-07-14,Discharge,QPB,0.120708333,,,
2018-07-15,Discharge,QPB,0.121875,,,
2018-07-16,Discharge,QPB,0.149989583,,,
2018-07-17,Discharge,QPB,0.14284375,,,
2018-07-18,Discharge,QPB,0.125947917,,,
2018-07-19,Discharge,QPB,0.167083333,,,
2018-07-20,Discharge,QPB,0.137375,,,
2018-07-21,Discharge,QPB,0.126572917,,,
2018-07-22,Discharge,QPB,0.123802083,,,
2018-07-23,Discharge,QPB,0.124333333,,,
2018-07-24,Discharge,QPB,0.130885417,,,
2018-07-25,Discharge,QPB,0.133520833,,,
2018-07-26,Discharge,QPB,0.143489583,,,
2018-07-27,Discharge,QPB,0.125958333,,,
2018-07-28,Discharge,QPB,0.122114583,,,
2018-07-29,Discharge,QPB,0.12184375,,,
2018-07-30,Discharge,QPB,0.120875,,,
2018-07-31,Discharge,QPB,0.119572917,,,
2018-08-01,Discharge,QPB,0.125885417,,,
2018-08-02,Discharge,QPB,0.135260417,,,
2018-08-03,Discharge,QPB,0.12040625,,,
2018-08-04,Discharge,QPB,0.12240625,,,
2018-08-05,Discharge,QPB,0.150854167,,,
2018-08-06,Discharge,QPB,0.178489583,,,
2018-08-07,Discharge,QPB,0.132364583,,,
2018-08-08,Discharge,QPB,0.12578125,,,
2018-08-09,Discharge,QPB,0.12359375,,,
2018-08-10,Discharge,QPB,0.121458333,,,
2018-08-11,Discharge,QPB,0.121729167,,,
2018-08-12,Discharge,QPB,0.12228125,,,
2018-08-13,Discharge,QPB,0.125635417,,,
2018-08-14,Discharge,QPB,0.136552083,,,
2018-08-15,Discharge,QPB,0.126239583,,,
2018-08-16,Discharge,QPB,0.1779375,,,
2018-08-17,Discharge,QPB,0.196583333,,,
2018-08-18,Discharge,QPB,0.1660625,,,
2018-08-19,Discharge,QPB,0.140510417,,,
2018-08-20,Discharge,QPB,0.13221875,,,
2018-08-21,Discharge,QPB,0.171885417,,,
2018-08-22,Discharge,QPB,0.1494375,,,
2018-08-23,Discharge,QPB,0.17978125,,,
2018-08-24,Discharge,QPB,0.187604167,,,
2018-08-25,Discharge,QPB,0.156447917,,,
2018-08-26,Discharge,QPB,0.209197917,,,
2018-08-27,Discharge,QPB,0.157447917,,,
2018-08-28,Discharge,QPB,0.229625,,,
2018-08-29,Discharge,QPB,0.29165625,,,
2018-08-30,Discharge,QPB,0.23209375,,,
2018-08-31,Discharge,QPB,0.193395833,,,
2018-09-01,Discharge,QPB,0.167260417,,,
2018-09-02,Discharge,QPB,0.158833333,,,
2018-09-03,Discharge,QPB,0.172979167,,,
2018-09-04,Discharge,QPB,0.200385417,,,
2018-09-05,Discharge,QPB,0.176572917,,,
2018-09-06,Discharge,QPB,0.159864583,,,
2018-09-07,Discharge,QPB,0.148760417,,,
2018-09-08,Discharge,QPB,0.1435,,,
2018-09-09,Discharge,QPB,0.14125,,,
2018-09-10,Discharge,QPB,0.139364583,,,
2018-09-11,Discharge,QPB,0.137864583,,,
2018-09-12,Discharge,QPB,0.135322917,,,
2018-09-13,Discharge,QPB,0.143333333,,,
2018-09-14,Discharge,QPB,0.18465625,,,
2018-09-15,Discharge,QPB,0.180875,,,
2018-09-16,Discharge,QPB,0.149177083,,,
2018-09-17,Discharge,QPB,0.1408125,,,
2018-09-18,Discharge,QPB,0.138854167,,,
2018-09-19,Discharge,QPB,0.135375,,,
2018-09-20,Discharge,QPB,0.1401875,,,
2018-09-21,Discharge,QPB,0.1328125,,,
2018-09-22,Discharge,QPB,0.133552083,,,
2018-09-23,Discharge,QPB,0.131739583,,,
2018-09-24,Discharge,QPB,0.13353125,,,
2018-09-25,Discharge,QPB,0.261114583,,,
2018-09-26,Discharge,QPB,0.180125,,,
2018-09-27,Discharge,QPB,0.15478125,,,
2018-09-28,Discharge,QPB,0.224145833,,,
2018-09-29,Discharge,QPB,0.283697917,,,
2018-09-30,Discharge,QPB,0.191114583,,,
2018-10-01,Discharge,QPB,0.163302083,,,
2018-10-02,Discharge,QPB,0.153354167,,,
2018-10-03,Discharge,QPB,0.1485625,,,
2018-10-04,Discharge,QPB,0.144104167,,,
2018-10-05,Discharge,QPB,0.205302083,,,
2018-10-06,Discharge,QPB,0.218270833,,,
2018-10-07,Discharge,QPB,0.178791667,,,
2018-10-08,Discharge,QPB,0.164166667,,,
2018-10-09,Discharge,QPB,0.224458333,,,
2018-10-10,Discharge,QPB,0.2064375,,,
2018-10-11,Discharge,QPB,0.171614583,,,
2018-10-12,Discharge,QPB,0.175916667,,,
2018-10-13,Discharge,QPB,0.17540625,,,
2018-10-14,Discharge,QPB,0.1663125,,,
2018-10-15,Discharge,QPB,0.230791667,,,
2018-10-16,Discharge,QPB,0.198083333,,,
2018-10-17,Discharge,QPB,0.204052083,,,
2018-10-18,Discharge,QPB,0.187447917,,,
2018-10-19,Discharge,QPB,0.175885417,,,
2018-10-20,Discharge,QPB,0.177677083,,,
2018-10-21,Discharge,QPB,0.166739583,,,
2018-10-22,Discharge,QPB,0.239875,,,
2018-10-23,Discharge,QPB,0.232583333,,,
2018-10-24,Discharge,QPB,0.182510417,,,
2018-10-25,Discharge,QPB,0.168479167,,,
2018-10-26,Discharge,QPB,0.158916667,,,
2018-10-27,Discharge,QPB,0.154375,,,
2018-10-28,Discharge,QPB,0.149729167,,,
2018-10-29,Discharge,QPB,0.160347368,,,
2018-10-30,Discharge,QPB,0.175645833,,,
2018-10-31,Discharge,QPB,0.1739375,,,
2018-11-01,Discharge,QPB,0.17259375,,,
2018-11-02,Discharge,QPB,0.19278125,,,
2018-11-03,Discharge,QPB,0.199458333,,,
2018-11-04,Discharge,QPB,0.354739583,,,
2018-11-05,Discharge,QPB,0.323958333,,,
2018-11-06,Discharge,QPB,0.259052083,,,
2018-11-07,Discharge,QPB,0.247166667,,,
2018-11-08,Discharge,QPB,0.267614583,,,
2018-11-09,Discharge,QPB,0.22028125,,,
2018-11-10,Discharge,QPB,0.2131875,,,
2018-11-11,Discharge,QPB,0.281041667,,,
2018-11-12,Discharge,QPB,0.258583333,,,
2018-11-13,Discharge,QPB,0.333114583,,,
2018-11-14,Discharge,QPB,0.331791667,,,
2018-11-15,Discharge,QPB,0.281520833,,,
2018-11-16,Discharge,QPB,0.2918125,,,
2018-11-17,Discharge,QPB,0.27528125,,,
2018-11-18,Discharge,QPB,0.234623656,,,
2018-11-19,Discharge,QPB,0.220645833,,,
2018-11-20,Discharge,QPB,0.213885417,,,
2018-11-21,Discharge,QPB,0.214697917,,,
2018-11-22,Discharge,QPB,0.203541667,,,
2018-11-23,Discharge,QPB,0.199,,,
2018-11-24,Discharge,QPB,0.19559375,,,
2018-11-25,Discharge,QPB,0.19190625,,,
2018-11-26,Discharge,QPB,0.187739583,,,
2018-11-27,Discharge,QPB,0.186239583,,,
2018-11-28,Discharge,QPB,0.18440625,,,
2018-11-29,Discharge,QPB,0.1823125,,,
2018-11-30,Discharge,QPB,0.17928125,,,
2018-12-01,Discharge,QPB,0.171145833,,,
2018-12-02,Discharge,QPB,0.17115625,,,
2018-12-03,Discharge,QPB,0.178645833,,,
2018-12-04,Discharge,QPB,0.17175,,,
2018-12-05,Discharge,QPB,0.170791667,,,
2018-12-06,Discharge,QPB,0.168458333,,,
2018-12-07,Discharge,QPB,0.17525,,,
2018-12-08,Discharge,QPB,0.205447917,,,
2018-12-09,Discharge,QPB,0.174333333,,,
2018-12-10,Discharge,QPB,0.167052083,,,
2018-12-11,Discharge,QPB,0.166875,,,
2018-12-12,Discharge,QPB,0.165083333,,,
2018-12-13,Discharge,QPB,0.161802083,,,
2018-12-14,Discharge,QPB,0.171166667,,,
2018-12-15,Discharge,QPB,0.166635417,,,
2018-12-16,Discharge,QPB,0.162125,,,
2018-12-17,Discharge,QPB,0.15878125,,,
2018-12-18,Discharge,QPB,0.157208333,,,
2018-12-19,Discharge,QPB,0.162010417,,,
2018-12-20,Discharge,QPB,0.1625625,,,
2018-12-21,Discharge,QPB,0.157270833,,,
2018-12-22,Discharge,QPB,0.16846875,,,
2018-12-23,Discharge,QPB,0.172270833,,,
2018-12-24,Discharge,QPB,0.169864583,,,
2018-12-25,Discharge,QPB,0.167166667,,,
2018-12-26,Discharge,QPB,0.161677083,,,
2018-12-27,Discharge,QPB,0.183458333,,,
2018-12-28,Discharge,QPB,0.289791667,,,
2018-12-29,Discharge,QPB,0.265395833,,,
2018-12-30,Discharge,QPB,0.212520833,,,
2018-12-31,Discharge,QPB,0.1773125,,,
2019-01-01,Discharge,QPB,0.174125,,,
2019-01-02,Discharge,QPB,0.170385417,,,
2019-01-03,Discharge,QPB,0.1635625,,,
2019-01-04,Discharge,QPB,0.1414375,,,
2019-01-05,Discharge,QPB,0.14296875,,,
2019-01-06,Discharge,QPB,0.139177083,,,
2019-01-07,Discharge,QPB,0.13815625,,,
2019-01-08,Discharge,QPB,0.136875,,,
2019-01-09,Discharge,QPB,0.14340625,,,
2019-01-10,Discharge,QPB,0.135666667,,,
2019-01-11,Discharge,QPB,0.130239583,,,
2019-01-12,Discharge,QPB,0.130385417,,,
2019-01-13,Discharge,QPB,0.14125,,,
2019-01-14,Discharge,QPB,0.131291667,,,
2019-01-15,Discharge,QPB,0.128208333,,,
2019-01-16,Discharge,QPB,0.129052083,,,
2019-01-17,Discharge,QPB,0.24315625,,,
2019-01-18,Discharge,QPB,0.163791667,,,
2019-01-19,Discharge,QPB,0.140916667,,,
2019-01-20,Discharge,QPB,0.137614583,,,
2019-01-21,Discharge,QPB,0.138760417,,,
2019-01-22,Discharge,QPB,0.148822917,,,
2019-01-23,Discharge,QPB,0.170125,,,
2019-01-24,Discharge,QPB,0.19896875,,,
2019-01-25,Discharge,QPB,0.201,,,
2019-01-26,Discharge,QPB,0.161020833,,,
2019-01-27,Discharge,QPB,0.14690625,,,
2019-01-28,Discharge,QPB,0.14175,,,
2019-01-29,Discharge,QPB,0.140989583,,,
2019-01-30,Discharge,QPB,0.1369375,,,
2019-01-31,Discharge,QPB,0.148864583,,,
2019-02-01,Discharge,QPB,0.135291667,,,
2019-02-02,Discharge,QPB,0.13228125,,,
2019-02-03,Discharge,QPB,0.130010417,,,
2019-02-04,Discharge,QPB,0.131010417,,,
2019-02-05,Discharge,QPB,0.126666667,,,
2019-02-06,Discharge,QPB,0.12484375,,,
2019-02-07,Discharge,QPB,0.121802083,,,
2019-02-08,Discharge,QPB,0.124875,,,
2019-02-09,Discharge,QPB,0.189802083,,,
2019-02-10,Discharge,QPB,0.2108125,,,
2019-02-11,Discharge,QPB,0.1688125,,,
2019-02-12,Discharge,QPB,0.158364583,,,
2019-02-13,Discharge,QPB,0.13678125,,,
2019-02-14,Discharge,QPB,0.15503125,,,
2019-02-15,Discharge,QPB,0.140364583,,,
2019-02-16,Discharge,QPB,0.134260417,,,
2019-02-17,Discharge,QPB,0.131020833,,,
2019-02-18,Discharge,QPB,0.128729167,,,
2019-02-19,Discharge,QPB,0.126489583,,,
2019-02-20,Discharge,QPB,0.145020833,,,
2019-02-21,Discharge,QPB,0.134625,,,
2019-02-22,Discharge,QPB,0.127291667,,,
2019-02-23,Discharge,QPB,0.124697917,,,
2019-02-24,Discharge,QPB,0.124104167,,,
2019-02-25,Discharge,QPB,0.128302083,,,
2019-02-26,Discharge,QPB,0.14821875,,,
2019-02-27,Discharge,QPB,0.240916667,,,
2019-02-28,Discharge,QPB,0.159479167,,,
2019-03-01,Discharge,QPB,0.146270833,,,
2019-03-02,Discharge,QPB,0.135020833,,,
2019-03-03,Discharge,QPB,0.130291667,,,
2019-03-04,Discharge,QPB,0.16978125,,,
2019-03-05,Discharge,QPB,0.1461875,,,
2019-03-06,Discharge,QPB,0.134791667,,,
2019-03-07,Discharge,QPB,0.13040625,,,
2019-03-08,Discharge,QPB,0.126291667,,,
2019-03-09,Discharge,QPB,0.143052083,,,
2019-03-10,Discharge,QPB,0.163791667,,,
2019-03-11,Discharge,QPB,0.189104167,,,
2019-03-12,Discharge,QPB,0.142427083,,,
2019-03-13,Discharge,QPB,0.131666667,,,
2019-03-14,Discharge,QPB,0.130895833,,,
2019-03-15,Discharge,QPB,0.12740625,,,
2019-03-16,Discharge,QPB,0.126770833,,,
2019-03-17,Discharge,QPB,0.12378125,,,
2019-03-18,Discharge,QPB,0.121677083,,,
2019-03-19,Discharge,QPB,0.119020833,,,
2019-03-20,Discharge,QPB,0.118822917,,,
2019-03-21,Discharge,QPB,0.11825,,,
2019-03-22,Discharge,QPB,0.126270833,,,
2019-03-23,Discharge,QPB,0.141,,,
2019-03-24,Discharge,QPB,0.1581875,,,
2019-03-25,Discharge,QPB,0.178833333,,,
2019-03-26,Discharge,QPB,0.128572917,,,
2019-03-27,Discharge,QPB,0.12184375,,,
2019-03-28,Discharge,QPB,0.11875,,,
2019-03-29,Discharge,QPB,0.117708333,,,
2019-03-30,Discharge,QPB,0.116760417,,,
2019-03-31,Discharge,QPB,0.116489583,,,
2019-04-01,Discharge,QPB,0.116260417,,,
2019-04-02,Discharge,QPB,0.118260417,,,
2019-04-03,Discharge,QPB,0.116229167,,,
2019-04-04,Discharge,QPB,0.130177083,,,
2019-04-05,Discharge,QPB,0.117854167,,,
2019-04-06,Discharge,QPB,0.121864583,,,
2019-04-07,Discharge,QPB,0.113041667,,,
2019-04-08,Discharge,QPB,0.112145833,,,
2019-04-09,Discharge,QPB,0.11265625,,,
2019-04-10,Discharge,QPB,0.11075,,,
2019-04-11,Discharge,QPB,0.112125,,,
2019-04-12,Discharge,QPB,0.114416667,,,
2019-04-13,Discharge,QPB,0.110052083,,,
2019-04-14,Discharge,QPB,0.120427083,,,
2019-04-15,Discharge,QPB,0.111895833,,,
2019-04-16,Discharge,QPB,0.121270833,,,
2019-04-17,Discharge,QPB,0.121916667,,,
2019-04-18,Discharge,QPB,0.11196875,,,
2019-04-19,Discharge,QPB,0.108208333,,,
2019-04-20,Discharge,QPB,0.1163125,,,
2019-04-21,Discharge,QPB,0.14796875,,,
2019-04-22,Discharge,QPB,0.14871875,,,
2019-04-23,Discharge,QPB,0.11715625,,,
2019-04-24,Discharge,QPB,0.111979167,,,
2019-04-25,Discharge,QPB,0.110020833,,,
2019-04-26,Discharge,QPB,0.110135417,,,
2019-04-27,Discharge,QPB,0.107802083,,,
2019-04-28,Discharge,QPB,0.222208333,,,
2019-04-29,Discharge,QPB,0.20475,,,
2019-04-30,Discharge,QPB,0.136322917,,,
2019-05-01,Discharge,QPB,0.184333333,,,
2019-05-02,Discharge,QPB,0.247677083,,,
2019-05-03,Discharge,QPB,0.149375,,,
2019-05-04,Discharge,QPB,0.13740625,,,
2019-05-05,Discharge,QPB,0.134895833,,,
2019-05-06,Discharge,QPB,0.166072917,,,
2019-05-07,Discharge,QPB,0.143979167,,,
2019-05-08,Discharge,QPB,0.132822917,,,
2019-05-09,Discharge,QPB,0.129083333,,,
2019-05-10,Discharge,QPB,0.135645833,,,
2019-05-11,Discharge,QPB,0.135052083,,,
2019-05-12,Discharge,QPB,0.139802083,,,
2019-05-13,Discharge,QPB,0.13146875,,,
2019-05-14,Discharge,QPB,0.12846875,,,
2019-05-15,Discharge,QPB,0.127333333,,,
2019-05-16,Discharge,QPB,0.126989583,,,
2019-05-17,Discharge,QPB,0.12484375,,,
2019-05-18,Discharge,QPB,0.122520833,,,
2019-05-19,Discharge,QPB,0.12228125,,,
2019-05-20,Discharge,QPB,0.225270833,,,
2019-05-21,Discharge,QPB,0.158625,,,
2019-05-22,Discharge,QPB,0.136864583,,,
2019-05-23,Discharge,QPB,0.132541667,,,
2019-05-24,Discharge,QPB,0.161145833,,,
2019-05-25,Discharge,QPB,0.142208333,,,
2019-05-26,Discharge,QPB,0.12978125,,,
2019-05-27,Discharge,QPB,0.145322917,,,
2019-05-28,Discharge,QPB,0.1783125,,,
2019-05-29,Discharge,QPB,0.19184375,,,
2019-05-30,Discharge,QPB,0.193885417,,,
2019-05-31,Discharge,QPB,0.15059375,,,
2017-01-14,canopy,QPA,16.35111111,2.433620988,0.811206996,
2017-03-15,canopy,QPA,8.233333333,2.915595994,0.971865331,
2017-05-17,canopy,QPA,12.69666667,5.422522168,1.807507389,
2017-07-08,canopy,QPA,14.18444444,2.886793685,0.962264562,
2017-09-04,canopy,QPA,6.933333333,2.055480479,0.68516016,
2017-09-10,canopy,QPA,21.26222222,3.303580549,1.101193516,
2017-10-04,canopy,QPA,89.44,3.651588695,1.217196232,
2017-11-08,canopy,QPA,65.72222222,4.056703643,1.352234548,
2017-12-11,canopy,QPA,65,5.079990157,1.693330052,
2018-01-25,canopy,QPA,61.99555556,7.728290741,2.576096914,
2018-02-15,canopy,QPA,56.79555556,5.098438759,1.699479586,
2018-03-13,canopy,QPA,60.55111111,8.686144778,2.895381593,
2018-04-13,canopy,QPA,49.11111111,8.397279983,2.799093328,
2018-05-09,canopy,QPA,49.02444444,11.12021483,3.706738275,
2018-06-13,canopy,QPA,51.27777778,10.97540179,3.658467263,
2018-07-12,canopy,QPA,46.97333333,12.18329594,4.061098647,
2018-08-18,canopy,QPA,49.02444444,12.39719637,4.132398789,
2018-09-25,canopy,QPA,43.88222222,12.24333469,4.081111565,
2018-10-24,canopy,QPA,42.61111111,9.650207827,3.216735942,
2018-11-28,canopy,QPA,39.02888889,12.55523043,4.185076809,
2018-12-31,canopy,QPA,37.84444444,10.44225444,3.48075148,
2019-01-29,canopy,QPA,35.44666667,8.98035634,2.993452113,
2019-02-25,canopy,QPA,32.58666667,8.933185322,2.977728441,
2019-03-27,canopy,QPA,31.48888889,6.21889951,2.072966503,
2019-04-25,canopy,QPA,34.06,10.28890665,3.429635549,
2019-06-19,canopy,QPA,32.61555556,11.39419492,3.798064972,
2017-01-14,canopy,QPB,11.87333333,2.839242857,0.946414286,
2017-03-15,canopy,QPB,12.56666667,4.74277345,1.580924483,
2017-05-17,canopy,QPB,13.82333333,4.002367633,1.334122544,
2017-07-08,canopy,QPB,10.34222222,2.586241374,0.862080458,
2017-09-04,canopy,QPB,6.933333333,2.055480479,0.68516016,
2017-09-10,canopy,QPB,14.61777778,3.787392829,1.262464276,
2017-10-04,canopy,QPB,75.28444444,12.84773045,4.282576817,
2017-11-08,canopy,QPB,52.43333333,9.424775859,3.141591953,
2017-12-11,canopy,QPB,51.62444444,3.832489762,1.277496587,
2018-01-25,canopy,QPB,49.31333333,2.742353004,0.914117668,
2018-02-15,canopy,QPB,44.66222222,1.828235336,0.609411779,
2018-03-13,canopy,QPB,40.53111111,4.24732988,1.415776627,
2018-04-13,canopy,QPB,34.60888889,5.843416048,1.947805349,
2018-05-09,canopy,QPB,30.70888889,5.133674231,1.711224744,
2018-06-13,canopy,QPB,38.65333333,5.444501814,1.814833938,
2018-07-12,canopy,QPB,36.34222222,6.272116425,2.090705475,
2018-08-18,canopy,QPB,33.68444444,6.327557015,2.109185672,
2018-09-25,canopy,QPB,38.42222222,9.307289855,3.102429952,
2018-10-24,canopy,QPB,36.19777778,8.442774689,2.81425823,
2018-11-28,canopy,QPB,36.71777778,11.67381019,3.891270065,
2018-12-31,canopy,QPB,34.78222222,9.273637067,3.091212356,
2019-01-29,canopy,QPB,24.29555556,5.216404679,1.73880156,
2019-02-25,canopy,QPB,31.14222222,7.385759571,2.461919857,
2019-03-27,canopy,QPB,28.02222222,3.860316625,1.286772208,
2019-04-25,canopy,QPB,33.59777778,5.189879039,1.72995968,
2019-06-19,canopy,QPB,41.16666667,10.09573672,3.365245575,
2017-01-10,leaflitter,QPA,0.59073724,0.3161057,0.099961399,
2017-01-24,leaflitter,QPA,1.043073184,1.833820951,0.579905103,
2017-02-10,leaflitter,QPA,1.449460692,1.685934815,0.5331394,
2017-02-21,leaflitter,QPA,1.070415879,0.550750562,0.17416262,
2017-03-06,leaflitter,QPA,1.478812224,0.886138435,0.280221578,
2017-03-20,leaflitter,QPA,0.758169052,0.724220323,0.229018575,
2017-04-03,leaflitter,QPA,1.390764245,0.752885332,0.250961777,
2017-04-18,leaflitter,QPA,1.199747952,0.76530628,0.242011095,
2017-05-05,leaflitter,QPA,1.76248193,1.836867514,0.580868511,
2017-05-16,leaflitter,QPA,2.046457009,2.27415925,0.758053083,
2017-06-02,leaflitter,QPA,1.340765039,0.888570601,0.280990696,
2017-06-19,leaflitter,QPA,1.126654064,0.649925383,0.205524452,
2017-07-05,leaflitter,QPA,1.44361413,1.522224817,0.538187745,
2017-07-21,leaflitter,QPA,1.640181947,1.139894182,0.360466191,
2017-08-14,leaflitter,QPA,1.389020164,0.762939087,0.241262523,
2017-08-29,leaflitter,QPA,1.552930057,0.99618991,0.31502291,
2017-09-15,leaflitter,QPA,5.859557434,7.600514542,2.403493734,
2017-09-30,leaflitter,QPA,NA,NA,NA,
2017-10-18,leaflitter,QPA,1.242281033,1.43422583,0.45354203,
2017-10-30,leaflitter,QPA,0.129568368,0.105697934,0.033424621,
2017-11-14,leaflitter,QPA,0.082028085,0.078524284,0.024831559,
2017-11-30,leaflitter,QPA,0.149004781,0.17669186,0.055874872,
2017-12-13,leaflitter,QPA,0.159589937,0.217116017,0.068658113,
2017-12-29,leaflitter,QPA,0.192875709,0.113895151,0.036016809,
2018-01-23,leaflitter,QPA,0.091115312,0.092225077,0.02916413,
2018-01-31,leaflitter,QPA,1.247637051,3.108787178,0.983084824,
2018-02-16,leaflitter,QPA,0.199373819,0.179142955,0.056649977,
2018-02-28,leaflitter,QPA,0.098456207,0.062572859,0.019787275,
2018-03-14,leaflitter,QPA,0.218066433,0.1646984,0.052082207,
2018-03-28,leaflitter,QPA,0.297731569,0.351764939,0.111237841,
2018-04-13,leaflitter,QPA,0.331845238,0.301809944,0.095440684,
2018-04-26,leaflitter,QPA,0.501465201,0.760760094,0.240573465,
2018-05-16,leaflitter,QPA,0.757380952,0.723089005,0.228660821,
2018-05-30,leaflitter,QPA,0.204081633,0.164387364,0.054795788,
2018-06-16,leaflitter,QPA,0.25922619,0.212433435,0.067177351,
2018-06-30,leaflitter,QPA,0.507142857,0.491314335,0.155367235,
2018-07-16,leaflitter,QPA,0.316246499,0.153902813,0.048668343,
2018-07-30,leaflitter,QPA,0.288435374,0.227045169,0.071797987,
2018-08-14,leaflitter,QPA,0.470793651,0.42846834,0.135493586,
2018-08-28,leaflitter,QPA,0.363945578,0.214971488,0.067979953,
2018-09-17,leaflitter,QPA,0.477142857,0.395142782,0.124955119,
2018-09-28,leaflitter,QPA,0.308225108,0.272378133,0.086133529,
2018-10-12,leaflitter,QPA,0.244782313,0.174678114,0.05523807,
2018-10-30,leaflitter,QPA,0.441955026,0.57718241,0.182521104,
2018-11-15,leaflitter,QPA,0.308654762,0.240198756,0.080066252,
2018-11-30,leaflitter,QPA,0.353201465,0.636490487,0.201275965,
2018-12-13,leaflitter,QPA,0.132142857,0.108739493,0.034386447,
2018-12-31,leaflitter,QPA,0.570899471,0.754920961,0.238726969,
2019-01-18,leaflitter,QPA,0.10952381,0.086196306,0.027257665,
2019-01-31,leaflitter,QPA,0.174867725,0.186029193,0.058827596,
2019-02-15,leaflitter,QPA,0.401904762,0.316655771,0.100135347,
2019-02-25,leaflitter,QPA,0.287619048,0.203486863,0.064348196,
2019-03-14,leaflitter,QPA,0.641456583,0.807847972,0.255463959,
2019-03-29,leaflitter,QPA,1.220068027,1.101674549,0.348380082,
2019-04-15,leaflitter,QPA,0.911677871,0.716052114,0.22643556,
2019-04-29,leaflitter,QPA,1.013363946,1.110972305,0.35132029,
2019-05-17,leaflitter,QPA,0.619343915,0.339860215,0.107473237,
2019-05-29,leaflitter,QPA,0.519781746,0.323160247,0.102192243,
2017-01-10,leaflitter,QPB,0.498109641,0.32207567,0.101849269,
2017-01-24,leaflitter,QPB,0.372333243,0.260700404,0.082440706,
2017-02-10,leaflitter,QPB,0.83981986,0.347919601,0.110021838,
2017-02-21,leaflitter,QPB,0.574984247,0.459642297,0.145351657,
2017-03-06,leaflitter,QPB,1.248818526,0.89966435,0.284498848,
2017-03-20,leaflitter,QPB,0.76289495,0.372590213,0.117823371,
2017-04-03,leaflitter,QPB,1.306373211,0.919597793,0.290802356,
2017-04-18,leaflitter,QPB,1.554505356,0.664342648,0.210083591,
2017-05-05,leaflitter,QPB,1.980707217,1.771843506,0.560306114,
2017-05-16,leaflitter,QPB,2.468637223,1.126604952,0.356263767,
2017-06-02,leaflitter,QPB,2.434115423,1.466216338,0.463658317,
2017-06-19,leaflitter,QPB,1.622243226,1.081338861,0.341949372,
2017-07-05,leaflitter,QPB,1.993442817,2.107107489,0.666325894,
2017-07-21,leaflitter,QPB,1.556297259,1.252127971,0.395957631,
2017-08-14,leaflitter,QPB,1.147408633,0.757466114,0.239531817,
2017-08-29,leaflitter,QPB,2.050724638,1.268402334,0.401104036,
2017-09-15,leaflitter,QPB,8.419882131,4.474166477,1.41485567,
2017-09-30,leaflitter,QPB,NA,NA,NA,
2017-10-18,leaflitter,QPB,2.860743541,1.213693574,0.383803608,
2017-10-30,leaflitter,QPB,0.58010397,0.834526795,0.263900544,
2017-11-14,leaflitter,QPB,0.543815825,0.751768209,0.237729981,
2017-11-30,leaflitter,QPB,0.247970644,0.402028402,0.127132543,
2017-12-13,leaflitter,QPB,0.503126363,0.961682114,0.304110587,
2017-12-29,leaflitter,QPB,0.44098535,0.590665117,0.18678471,
2018-01-23,leaflitter,QPB,0.284877127,0.274934529,0.086941932,
2018-01-31,leaflitter,QPB,0.636814745,0.34354078,0.108637133,
2018-02-16,leaflitter,QPB,0.270853025,0.188753927,0.059689233,
2018-02-28,leaflitter,QPB,0.478890989,0.322082476,0.101851422,
2018-03-14,leaflitter,QPB,0.398663246,0.157163408,0.049699433,
2018-03-28,leaflitter,QPB,0.604239806,0.337256439,0.10664985,
2018-04-13,leaflitter,QPB,0.847619048,0.672406554,0.212633623,
2018-04-26,leaflitter,QPB,0.76959707,0.487576992,0.154185383,
2018-05-16,leaflitter,QPB,0.69452381,0.542423072,0.171529236,
2018-05-30,leaflitter,QPB,0.438019652,0.32964158,0.109880527,
2018-06-16,leaflitter,QPB,0.618154762,0.298642585,0.094439078,
2018-06-30,leaflitter,QPB,0.543197279,0.395030115,0.124919491,
2018-07-16,leaflitter,QPB,0.563865546,0.420195144,0.132877372,
2018-07-30,leaflitter,QPB,0.507142857,0.294498597,0.093128633,
2018-08-14,leaflitter,QPB,0.313650794,0.226631983,0.071667326,
2018-08-28,leaflitter,QPB,0.572789116,0.315446316,0.099752884,
2018-09-17,leaflitter,QPB,0.549047619,0.504101595,0.159410921,
2018-09-28,leaflitter,QPB,0.526839827,0.461548698,0.145954514,
2018-10-12,leaflitter,QPB,0.465214286,0.377485624,0.119371436,
2018-10-30,leaflitter,QPB,0.406902116,0.304438942,0.096272047,
2018-11-15,leaflitter,QPB,0.380446429,0.261445899,0.087148633,
2018-11-30,leaflitter,QPB,0.461497802,0.514961821,0.162845226,
2018-12-13,leaflitter,QPB,0.284955556,0.211354104,0.066836036,
2018-12-31,leaflitter,QPB,0.617724868,0.799185337,0.252724594,
2019-01-18,leaflitter,QPB,0.307142857,0.243019975,0.076849664,
2019-01-31,leaflitter,QPB,0.882804233,2.166329824,0.685053641,
2019-02-15,leaflitter,QPB,0.576920635,0.542687929,0.171612991,
2019-02-25,leaflitter,QPB,0.56952381,0.466262648,0.147445195,
2019-03-14,leaflitter,QPB,0.429691877,0.196753983,0.062219072,
2019-03-29,leaflitter,QPB,0.654918367,0.5313922,0.168040968,
2019-04-15,leaflitter,QPB,0.840680672,0.749825716,0.237115711,
2019-04-29,leaflitter,QPB,1.062289116,0.753287222,0.238210335,
2019-05-17,leaflitter,QPB,1.068857143,1.175015079,0.371572394,
2019-05-29,leaflitter,QPB,0.652972222,0.3806987,0.120387499,
2017-01-14,chla,QPA,741.3498985,330.222579,134.8128034,
2017-02-11,chla,QPA,776.3009768,300.3133686,122.6024193,
2017-03-11,chla,QPA,540.5731917,115.6666034,47.22069309,
2017-04-08,chla,QPA,356.6056966,173.4264082,70.80103466,
2017-05-14,chla,QPA,483.1185253,181.6543548,74.16007981,
2017-06-14,chla,QPA,445.8534165,249.1329273,101.7080917,
2017-07-08,chla,QPA,370.0480672,141.5600121,57.79163292,
2017-08-11,chla,QPA,362.5649618,135.7968866,55.43884681,
2017-09-10,chla,QPA,311.9988083,132.2007042,53.97071149,
2017-10-03,chla,QPA,367.4388718,159.6840578,65.19074359,
2017-11-04,chla,QPA,483.5381196,239.6386124,97.83205383,
2017-12-07,chla,QPA,333.2725224,107.471501,43.87505655,
2018-01-23,chla,QPA,388.8623854,195.9777626,80.00758654,
2018-02-15,chla,QPA,372.0655249,124.7928443,50.94646534,
2018-03-13,chla,QPA,235.4621852,82.91222759,33.84877517,
2018-04-12,chla,QPA,301.2684975,110.7594795,45.21736816,
2018-05-01,chla,QPA,725.5750384,408.4247525,166.738707,
2018-06-15,chla,QPA,516.1519165,194.8402192,79.54318639,
2018-07-01,chla,QPA,515.0470035,243.4195677,99.3756224,
2018-08-01,chla,QPA,605.4002532,113.2629152,46.23939149,
2018-09-09,chla,QPA,362.9244781,79.68443388,32.53103391,
2018-10-04,chla,QPA,539.4603964,132.2228807,53.97976502,
2018-11-06,chla,QPA,373.981217,74.56976813,30.44298036,
2018-12-05,chla,QPA,640.980993,97.81461549,39.93264956,
2019-01-15,chla,QPA,672.2845839,99.61789423,40.66883502,
2019-02-07,chla,QPA,649.2098463,136.3316449,55.65716099,
2019-03-07,chla,QPA,512.8254098,99.23750992,40.51354377,
2019-04-05,chla,QPA,491.1034061,182.4184122,74.47200493,
2019-05-03,chla,QPA,462.1763799,258.553827,105.5541579,
2019-06-15,chla,QPA,485.156168,146.7363799,59.90487625,
2017-01-14,chla,QPB,948.8969612,209.1604329,85.38938915,
2017-02-11,chla,QPB,825.397388,450.6949557,183.9954452,
2017-03-11,chla,QPB,563.2842308,246.8081385,100.7590006,
2017-04-08,chla,QPB,610.8155539,352.6266566,143.9592297,
2017-05-14,chla,QPB,589.5987883,411.6626243,168.0605626,
2017-06-14,chla,QPB,375.410518,192.474633,78.57743987,
2017-07-08,chla,QPB,335.6098211,156.5401834,63.90726228,
2017-08-11,chla,QPB,324.781983,88.47031783,36.11785601,
2017-09-10,chla,QPB,422.3314206,107.6654818,43.95424888,
2017-10-03,chla,QPB,272.8273125,133.7695677,54.61119734,
2017-11-04,chla,QPB,304.1046282,134.0968261,54.7448,
2017-12-07,chla,QPB,209.2176694,62.12901854,25.36406561,
2018-01-23,chla,QPB,317.8791417,180.5673761,73.71632259,
2018-02-15,chla,QPB,282.657597,117.9946924,48.17113147,
2018-03-13,chla,QPB,161.0268165,45.00365165,18.37266385,
2018-04-12,chla,QPB,340.8272964,191.9522654,78.36418418,
2018-05-01,chla,QPB,347.1125402,138.5535961,56.56426876,
2018-06-15,chla,QPB,387.0926018,180.4826176,73.68172011,
2018-07-01,chla,QPB,390.9574344,385.0405585,157.1921498,
2018-08-01,chla,QPB,470.5709323,120.1722525,49.06011662,
2018-09-09,chla,QPB,252.1376135,40.37272565,16.48209623,
2018-10-04,chla,QPB,448.3233179,230.9273991,94.2757159,
2018-11-06,chla,QPB,452.234005,173.6539402,70.89392422,
2018-12-05,chla,QPB,402.3162513,138.5940803,56.58079634,
2019-01-15,chla,QPB,414.3946818,176.4034072,72.0163894,
2019-02-07,chla,QPB,442.252341,143.0663279,58.40658379,
2019-03-07,chla,QPB,248.0122528,108.4025183,44.25514277,
2019-04-05,chla,QPB,340.6483978,191.1234395,78.02581744,
2019-05-03,chla,QPB,312.4720311,194.1567785,79.26417292,
2019-06-15,chla,QPB,377.3203169,133.4994838,54.50093605,
2017-01-01,BOM,QPA,119.1784533,90.97914844,37.14208182,
2017-02-01,BOM,QPA,105.6416725,64.30968553,26.25431918,
2017-03-01,BOM,QPA,121.8225342,114.645953,46.80401431,
2017-04-01,BOM,QPA,58.64222,25.45300046,10.39114393,
2017-05-01,BOM,QPA,74.0369175,99.37164293,40.56830335,
2017-06-01,BOM,QPA,63.95373833,104.802353,42.78538146,
2017-07-01,BOM,QPA,77.18104333,130.6144911,53.32314269,
2017-08-01,BOM,QPA,27.1983075,26.40229004,10.77868977,
2017-09-01,BOM,QPA,15.00135,19.21508974,7.844527539,
2017-10-01,BOM,QPA,NA,NA,NA,
2017-11-01,BOM,QPA,63.10334333,59.90779388,24.45725444,
2017-12-01,BOM,QPA,33.0714475,44.64356386,18.22565863,
2018-01-01,BOM,QPA,NA,NA,NA,
2018-02-01,BOM,QPA,411.3533667,657.2875622,268.3365236,
2018-03-01,BOM,QPA,26.5613075,18.84494482,7.693416507,
2018-04-01,BOM,QPA,64.32144658,44.94191114,18.34745839,
2018-05-01,BOM,QPA,497.4768283,831.3042104,339.3785227,
2018-06-01,BOM,QPA,9.552345833,5.147904935,2.101623389,
2018-07-01,BOM,QPA,24.60359417,17.83649246,7.281717556,
2018-08-01,BOM,QPA,23.7839875,27.98989074,11.42682504,
2018-09-01,BOM,QPA,20.30862167,28.71255264,11.72185053,
2018-10-01,BOM,QPA,42.21823667,55.3514294,22.59712643,
2018-11-01,BOM,QPA,12.8674,8.803677392,3.594086245,
2018-12-01,BOM,QPA,49.835695,95.8001313,39.11023983,
2019-01-01,BOM,QPA,44.54487917,30.5785951,12.48365917,
2019-02-01,BOM,QPA,22.34383667,20.48432235,8.362689582,
2019-03-01,BOM,QPA,44.3208675,25.8784579,10.5648362,
2019-04-01,BOM,QPA,61.09095417,71.89722311,29.35191842,
2019-05-01,BOM,QPA,22.07311167,11.43701431,4.669141539,
2019-06-01,BOM,QPA,5.139528333,2.307827938,0.94216681,
2017-01-01,BOM,QPB,201.9930217,199.9865666,,
2017-02-01,BOM,QPB,123.9264567,178.7587386,,
2017-03-01,BOM,QPB,152.0964706,158.0161277,,
2017-04-01,BOM,QPB,345.7623689,439.5567735,,
2017-05-01,BOM,QPB,162.8900367,272.3506429,,
2017-06-01,BOM,QPB,148.4364456,231.0172806,,
2017-07-01,BOM,QPB,54.93319094,71.11381265,,
2017-08-01,BOM,QPB,91.61504611,59.55612469,,
2017-09-01,BOM,QPB,14.38332833,13.85367106,,
2017-10-01,BOM,QPB,NA,NA,,
2017-11-01,BOM,QPB,NA,NA,,
2017-12-01,BOM,QPB,313.8157172,565.9280108,,
2018-01-01,BOM,QPB,NA,NA,,
2018-02-01,BOM,QPB,508.9310294,846.8580566,,
2018-03-01,BOM,QPB,347.0695106,233.9753656,,
2018-04-01,BOM,QPB,133.6968078,133.7223688,,
2018-05-01,BOM,QPB,150.4348728,262.1959087,,
2018-06-01,BOM,QPB,81.56495167,97.54309424,,
2018-07-01,BOM,QPB,67.25110167,81.86775303,,
2018-08-01,BOM,QPB,60.52356056,47.67147989,,
2018-09-01,BOM,QPB,31.58521778,33.04692209,,
2018-10-01,BOM,QPB,34.88386111,37.7433205,,
2018-11-01,BOM,QPB,57.15701,59.11389067,,
2018-12-01,BOM,QPB,48.898885,72.5725364,,
2019-01-01,BOM,QPB,27.95613556,30.77482375,,
2019-02-01,BOM,QPB,60.48564889,60.41133626,,
2019-03-01,BOM,QPB,60.48965222,59.81817073,,
2019-04-01,BOM,QPB,79.39222833,78.46546803,,
2019-05-01,BOM,QPB,14.194235,12.77816117,,
2019-06-01,BOM,QPB,NA,NA,,
,,,,,,
,,,,,,
,,,,,,
,,,,,,
,,,,,,
,,,,,,
,,,,,,
,,,,,,
,,,,,,
,,,,,,
,,,,,,
,,,,,,
,,,,,,
,,,,,,
,,,,,,
,,,,,,
,,,,,,
,,,,,,
,,,,,,
,,,,,,
,,,,,,
,,,,,,
,,,,,,
,,,,,,
,,,,,,
,,,,,,
,,,,,,
,,,,,,
,,,,,,
,,,,,,
,,,,,,
,,,,,,
,,,,,,
,,,,,,
,,,,,,
,,,,,,
,,,,,,
,,,,,,
,,,,,,
,,,,,,
,,,,,,
,,,,,,
,,,,,,
,,,,,,
,,,,,,
,,,,,,
,,,,,,
,,,,,,
,,,,,,
,,,,,,
,,,,,,
,,,,,,
,,,,,,
,,,,,,
,,,,,,
,,,,,,
,,,,,,
,,,,,,
,,,,,,
,,,,,,
,,,,,,
,,,,,,
,,,,,,
,,,,,,
,,,,,,
,,,,,,
,,,,,,
,,,,,,
,,,,,,
,,,,,,
,,,,,,
,,,,,,
,,,,,,
,,,,,,
,,,,,,
,,,,,,
,,,,,,
,,,,,,
,,,,,,
,,,,,,
,,,,,,
,,,,,,
,,,,,,
,,,,,,
,,,,,,
,,,,,,
,,,,,,
,,,,,,
,,,,,,
,,,,,,
,,,,,,
,,,,,,
,,,,,,
,,,,,,
,,,,,,
,,,,,,
,,,,,,
,,,,,,
,,,,,,
,,,,,,
,,,,,,
,,,,,,
,,,,,,
,,,,,,
,,,,,,
,,,,,,
,,,,,,
,,,,,,
,,,,,,
,,,,,,
,,,,,,
,,,,,,
,,,,,,
,,,,,,
,,,,,,
,,,,,,
,,,,,,
,,,,,,
,,,,,,
,,,,,,
,,,,,,
,,,,,,
,,,,,,
,,,,,,
,,,,,,
,,,,,,
,,,,,,
,,,,,,
,,,,,,
,,,,,,
,,,,,,
,,,,,,
,,,,,,
,,,,,,
,,,,,,
,,,,,,
,,,,,,
,,,,,,
,,,,,,
,,,,,,
,,,,,,
,,,,,,
,,,,,,
,,,,,,
,,,,,,
,,,,,,
,,,,,,
,,,,,,
,,,,,,
,,,,,,
,,,,,,
,,,,,,
,,,,,,
,,,,,,
,,,,,,
,,,,,,
,,,,,,
,,,,,,
,,,,,,
,,,,,,
,,,,,,
,,,,,,
,,,,,,
,,,,,,
,,,,,,
,,,,,,
,,,,,,
,,,,,,
,,,,,,
,,,,,,
,,,,,,
,,,,,,
,,,,,,
,,,,,,
,,,,,,
,,,,,,
,,,,,,
,,,,,,
,,,,,,
,,,,,,
,,,,,,
,,,,,,
,,,,,,
,,,,,,
,,,,,,
,,,,,,
,,,,,,
,,,,,,
,,,,,,
,,,,,,
,,,,,,
,,,,,,
,,,,,,
,,,,,,
,,,,,,
,,,,,,
,,,,,,
,,,,,,
,,,,,,
,,,,,,
,,,,,,
,,,,,,
,,,,,,
,,,,,,
,,,,,,
,,,,,,
,,,,,,
,,,,,,
,,,,,,
,,,,,,
,,,,,,
,,,,,,
,,,,,,
,,,,,,
,,,,,,
,,,,,,
,,,,,,
,,,,,,
,,,,,,
,,,,,,
,,,,,,
,,,,,,
,,,,,,
,,,,,,
,,,,,,
,,,,,,
,,,,,,
,,,,,,
,,,,,,
,,,,,,
,,,,,,
,,,,,,
,,,,,,
,,,,,,
,,,,,,
,,,,,,
,,,,,,
,,,,,,
,,,,,,
,,,, ,,
,,,,,,
,,,,,,
,,,,,,
,,,,,,
,,,,,,
,,,,,,
,,,,,,
,,,,,,
,,,,,,
,,,,,,
,,,,,,
,,,,,,
,,,,,,
,,,,,,
,,,,,,
,,,,,,
,,,,,,
,,,,,,
,,,,,,
,,,,,,
,,,,,,
,,,,,,
,,,,,,
,,,,,,
,,,,,,
,,,,,,
,,,,,,
,,,,,,
,,,,,,
,,,,,,
,,,,,,
,,,,,,
,,,,,,
,,,,,,
,,,,,,
,,,,,,
,,,,,,
,,,,,,
,,,,,,
,,,,,,
,,,,,,
,,,,Use este punto en el grafico,,
,,,,Junio,,
